generation;iteration;gp  lower;gp  upper;map  lower;map  upper;bp  lower;bp  upper;sap  lower;sap  upper;wp  lower;wp  upper;fMeasure;precision;recall
1;40;0.6612903611651287;0.10201025159668436;0.046202286751401554;0.01663370475146827;0.57522234223917;0.5173261489099845;0.029450120869743145;0.6613915920059938;0.23481509237192916;0.3662389914575624;0.55041;0.42213;1.00000
2;54;0.4173557018593946;0.12103613187580516;0.14465896275054724;0.012705318163562206;0.11811314706655751;0.2223712824358783;0.6282780835582008;0.1438769205009911;0.15425049744289385;0.6774891427432018;0.56728;0.41592;1.00000
3;68;0.6529524674742693;0.2723714073625129;0.046202286751401554;0.01663370475146827;0.06756627677907592;0.32229662153919286;0.33069648011374303;0.07204626728105712;0.6282510065729323;0.11592781346920816;0.60648;0.46297;1.00000
4;82;0.6529524674742693;0.2723714073625129;0.046202286751401554;0.01663370475146827;0.06756627677907592;0.32229662153919286;0.33069648011374303;0.07204626728105712;0.6282510065729323;0.11592781346920816;0.60648;0.46297;1.00000
5;97;0.4173557018593946;0.10201025159668436;0.046202286751401554;0.012705318163562206;0.11811314706655751;0.2223712824358783;0.6282780835582008;0.1438769205009911;0.15425049744289385;0.3662389914575624;0.62314;0.48199;1.00000
6;111;0.4173557018593946;0.10201025159668436;0.046202286751401554;0.012705318163562206;0.11811314706655751;0.2223712824358783;0.6282780835582008;0.1438769205009911;0.15425049744289385;0.3662389914575624;0.62314;0.48199;1.00000
7;126;0.17154908582844663;0.10201025159668436;0.046202286751401554;0.012705318163562206;0.11811314706655751;0.2223712824358783;0.6282780835582008;0.1438769205009911;0.15425049744289385;0.3662389914575624;0.66916;0.54178;1.00000
8;140;0.17154908582844663;0.10201025159668436;0.046202286751401554;0.012705318163562206;0.11811314706655751;0.2223712824358783;0.6282780835582008;0.1438769205009911;0.09220731933072124;0.11829694089942921;0.68152;0.56015;1.00000
9;154;0.17154908582844663;0.10201025159668436;0.046202286751401554;0.012705318163562206;0.11811314706655751;0.2223712824358783;0.6282780835582008;0.1438769205009911;0.09220731933072124;0.11829694089942921;0.68152;0.56015;1.00000
10;167;0.17154908582844663;0.10201025159668436;0.046202286751401554;0.012705318163562206;0.11811314706655751;0.2223712824358783;0.6282780835582008;0.1438769205009911;0.09220731933072124;0.3662389914575624;0.68152;0.56015;1.00000
11;181;0.17154908582844663;0.10201025159668436;0.046202286751401554;0.012705318163562206;0.11811314706655751;0.2223712824358783;0.6282780835582008;0.1438769205009911;0.09220731933072124;0.3662389914575624;0.68152;0.56015;1.00000
12;196;0.17154908582844663;0.10201025159668436;0.046202286751401554;0.012705318163562206;0.11811314706655751;0.2223712824358783;0.6999999999999998;0.03854918036323879;0.15425049744289385;0.11829694089942921;0.68829;0.55835;1.00000
13;210;0.17154908582844663;0.10201025159668436;0.046202286751401554;0.012705318163562206;0.11811314706655751;0.2223712824358783;0.6999999999999998;0.03854918036323879;0.09220731933072124;0.3662389914575624;0.70065;0.57672;1.00000
14;225;0.17154908582844663;0.10201025159668436;0.046202286751401554;0.012705318163562206;0.11811314706655751;0.2223712824358783;0.6999999999999998;0.03417454941629575;0.09220731933072124;0.3662389914575624;0.71699;0.59491;1.00000
15;240;0.17154908582844663;0.10201025159668436;0.046202286751401554;0.012705318163562206;0.11811314706655751;0.2223712824358783;0.6999999999999998;0.03417454941629575;0.09220731933072124;0.3662389914575624;0.71699;0.59491;1.00000
16;253;0.17154908582844663;0.10201025159668436;0.046202286751401554;0.012705318163562206;0.11811314706655751;0.2223712824358783;0.6999999999999998;0.03417454941629575;0.09220731933072124;0.3662389914575624;0.71699;0.59491;1.00000
17;267;0.17154908582844663;0.10201025159668436;0.046202286751401554;0.012705318163562206;0.11811314706655751;0.2223712824358783;0.6999999999999998;0.03417454941629575;0.09220731933072124;0.3662389914575624;0.71699;0.59491;1.00000
18;281;0.17154908582844663;0.10201025159668436;0.046202286751401554;0.012705318163562206;0.11811314706655751;0.2223712824358783;0.6999999999999998;0.03417454941629575;0.09220731933072124;0.3662389914575624;0.71699;0.59491;1.00000
19;296;0.17154908582844663;0.10201025159668436;0.046202286751401554;0.012705318163562206;0.11811314706655751;0.2223712824358783;0.6999999999999998;0.03417454941629575;0.09220731933072124;0.3662389914575624;0.71699;0.59491;1.00000
20;310;0.06833257487024383;0.10201025159668436;0.046202286751401554;0.012705318163562206;0.11811314706655751;0.2223712824358783;0.6999999999999998;0.03417454941629575;0.09220731933072124;0.3662389914575624;0.72654;0.60861;1.00000
21;325;0.17154908582844663;0.10201025159668436;0.03623066735888864;0.012705318163562206;0.11811314706655751;0.2223712824358783;0.6999999999999998;0.016909813595496072;0.09220731933072124;0.3662389914575624;0.72769;0.60829;1.00000
22;338;0.17154908582844663;0.10201025159668436;0.03623066735888864;0.012705318163562206;0.11811314706655751;0.2223712824358783;0.6999999999999998;0.016909813595496072;0.09220731933072124;0.3662389914575624;0.72769;0.60829;1.00000
23;353;0.00909799316246531;0.10201025159668436;0.046202286751401554;0.012705318163562206;0.11811314706655751;0.2223712824358783;0.6999999999999998;0.016909813595496072;0.09220731933072124;0.3662389914575624;0.73359;0.61786;1.00000
24;368;0.04657041859697324;0.10201025159668436;0.046202286751401554;0.012705318163562206;0.11811314706655751;0.2223712824358783;0.6999999999999998;0.03417454941629575;0.06798723663785838;0.3662389914575624;0.73606;0.62051;1.00000
25;381;0.00909799316246531;0.10201025159668436;0.046202286751401554;0.012705318163562206;0.11811314706655751;0.2223712824358783;0.6999999999999998;0.03417454941629575;0.06798723663785838;0.3662389914575624;0.73606;0.62051;1.00000
26;395;0.00909799316246531;0.10201025159668436;0.03623066735888864;0.012705318163562206;0.11811314706655751;0.2223712824358783;0.6999999999999998;0.03417454941629575;0.06798723663785838;0.3662389914575624;0.73795;0.62285;1.00000
27;408;0.00909799316246531;0.10201025159668436;0.046202286751401554;0.012705318163562206;0.11811314706655751;0.2223712824358783;0.6999999999999998;0.03417454941629575;0.0027123745141817146;0.3662389914575624;0.73810;0.62314;1.00000
28;421;0.00909799316246531;0.10201025159668436;0.046202286751401554;0.012705318163562206;0.11811314706655751;0.2223712824358783;0.6999999999999998;0.03417454941629575;0.0027123745141817146;0.3662389914575624;0.73810;0.62314;1.00000
29;435;0.00909799316246531;0.10201025159668436;0.046202286751401554;0.012705318163562206;0.11811314706655751;0.2223712824358783;0.6999999999999998;0.03417454941629575;0.0027123745141817146;0.3662389914575624;0.73810;0.62314;1.00000
30;449;0.00909799316246531;0.10201025159668436;0.03623066735888864;0.012705318163562206;0.11811314706655751;0.2223712824358783;0.6999999999999998;0.03417454941629575;0.0027123745141817146;0.3662389914575624;0.73999;0.62548;1.00000
31;463;0.00909799316246531;0.10201025159668436;0.03623066735888864;0.012705318163562206;0.11811314706655751;0.2223712824358783;0.6999999999999998;0.03417454941629575;0.0027123745141817146;0.3662389914575624;0.73999;0.62548;1.00000
32;478;0.00909799316246531;0.10201025159668436;0.03623066735888864;0.012705318163562206;0.11811314706655751;0.2223712824358783;0.6999999999999998;0.03417454941629575;0.0027123745141817146;0.3662389914575624;0.73999;0.62548;1.00000
33;493;0.00909799316246531;0.10201025159668436;0.03623066735888864;0.012705318163562206;0.11811314706655751;0.2223712824358783;0.6999999999999998;0.03417454941629575;0.0027123745141817146;0.3662389914575624;0.73999;0.62548;1.00000
34;505;0.00909799316246531;0.10201025159668436;0.03623066735888864;0.012705318163562206;0.11811314706655751;0.2223712824358783;0.6999999999999998;0.03417454941629575;0.0027123745141817146;0.3662389914575624;0.73999;0.62548;1.00000
35;519;0.00909799316246531;0.10201025159668436;0.03623066735888864;0.012705318163562206;0.11811314706655751;0.2223712824358783;0.6999999999999998;0.03417454941629575;0.0027123745141817146;0.3662389914575624;0.73999;0.62548;1.00000
36;534;0.00909799316246531;0.10201025159668436;0.03623066735888864;0.012705318163562206;0.11811314706655751;0.2223712824358783;0.6999999999999998;0.03417454941629575;0.0027123745141817146;0.3662389914575624;0.73999;0.62548;1.00000
37;548;0.00909799316246531;0.10201025159668436;0.03623066735888864;0.012705318163562206;0.11811314706655751;0.2223712824358783;0.6999999999999998;0.03417454941629575;0.0027123745141817146;0.3662389914575624;0.73999;0.62548;1.00000
38;561;0.00909799316246531;0.10201025159668436;0.03623066735888864;0.007326654819055153;0.11811314706655751;0.2223712824358783;0.6999999999999998;0.03417454941629575;0.0027123745141817146;0.3662389914575624;0.74218;0.62845;1.00000
39;574;0.00909799316246531;0.10201025159668436;0.03623066735888864;0.007326654819055153;0.11811314706655751;0.2223712824358783;0.6999999999999998;0.03417454941629575;0.0027123745141817146;0.3662389914575624;0.74218;0.62845;1.00000
40;589;0.00909799316246531;0.10201025159668436;0.03623066735888864;0.007326654819055153;0.11811314706655751;0.2223712824358783;0.6999999999999998;0.03417454941629575;0.0027123745141817146;0.3662389914575624;0.74218;0.62845;1.00000
41;603;0.00909799316246531;0.10201025159668436;0.02838172747471888;0.007326654819055153;0.11811314706655751;0.2223712824358783;0.6999999999999998;0.03417454941629575;0.0027123745141817146;0.3662389914575624;0.74218;0.62845;1.00000
42;618;0.00909799316246531;0.10201025159668436;0.02838172747471888;0.007326654819055153;0.11811314706655751;0.2223712824358783;0.6999999999999998;0.03417454941629575;0.0027123745141817146;0.3662389914575624;0.74218;0.62845;1.00000
43;632;0.00909799316246531;0.10201025159668436;0.03623066735888864;0.007326654819055153;0.11811314706655751;0.2223712824358783;0.6999999999999998;0.03417454941629575;0.0027123745141817146;0.3662389914575624;0.74218;0.62845;1.00000
44;646;0.00909799316246531;0.10201025159668436;0.03848630432112642;0.007326654819055153;0.11811314706655751;0.15335445031349076;0.6999999999999998;0.03417454941629575;0.0027123745141817146;0.3662389914575624;0.74900;0.63655;1.00000
45;660;0.00909799316246531;0.10201025159668436;0.03848630432112642;0.007326654819055153;0.11811314706655751;0.15335445031349076;0.6999999999999998;0.03417454941629575;0.0027123745141817146;0.3662389914575624;0.74900;0.63655;1.00000
46;675;0.00909799316246531;0.10201025159668436;0.03848630432112642;0.007326654819055153;0.11811314706655751;0.15335445031349076;0.6999999999999998;0.03417454941629575;0.0027123745141817146;0.3662389914575624;0.74900;0.63655;1.00000
47;690;0.00909799316246531;0.10201025159668436;0.03848630432112642;0.007326654819055153;0.11811314706655751;0.15335445031349076;0.6999999999999998;0.03417454941629575;0.0027123745141817146;0.3662389914575624;0.74900;0.63655;1.00000
48;704;0.00909799316246531;0.10201025159668436;0.03848630432112642;0.007326654819055153;0.11811314706655751;0.15335445031349076;0.6999999999999998;0.03417454941629575;0.0027123745141817146;0.3662389914575624;0.74900;0.63655;1.00000
49;718;0.00909799316246531;0.10201025159668436;0.03623066735888864;0.007326654819055153;0.11811314706655751;0.15335445031349076;0.6999999999999998;0.03417454941629575;0.0027123745141817146;0.3662389914575624;0.74900;0.63655;1.00000
50;731;0.00909799316246531;0.10201025159668436;0.03848630432112642;0.007326654819055153;0.11811314706655751;0.15335445031349076;0.6999999999999998;0.03417454941629575;0.0027123745141817146;0.3662389914575624;0.74900;0.63655;1.00000
51;744;0.00909799316246531;0.10201025159668436;0.03848630432112642;0.007326654819055153;0.11811314706655751;0.15335445031349076;0.6999999999999998;0.03417454941629575;0.0027123745141817146;0.3662389914575624;0.74900;0.63655;1.00000
52;758;0.00909799316246531;0.10201025159668436;0.03623066735888864;0.007326654819055153;0.11811314706655751;0.15335445031349076;0.6999999999999998;0.03417454941629575;0.0027123745141817146;0.3662389914575624;0.74900;0.63655;1.00000
53;773;0.00909799316246531;0.10201025159668436;0.03623066735888864;0.007326654819055153;0.11811314706655751;0.15335445031349076;0.6999999999999998;0.03417454941629575;0.0027123745141817146;0.3662389914575624;0.74900;0.63655;1.00000
54;787;0.00909799316246531;0.10201025159668436;0.03623066735888864;0.007326654819055153;0.11811314706655751;0.15335445031349076;0.6999999999999998;0.03417454941629575;0.0027123745141817146;0.3662389914575624;0.74900;0.63655;1.00000
55;801;0.00909799316246531;0.10201025159668436;0.03848630432112642;0.007326654819055153;0.11811314706655751;0.15335445031349076;0.6999999999999998;0.03417454941629575;0.0027123745141817146;0.3662389914575624;0.74900;0.63655;1.00000
56;814;0.00909799316246531;0.10201025159668436;0.03848630432112642;0.007326654819055153;0.11811314706655751;0.15335445031349076;0.6999999999999998;0.03417454941629575;0.0027123745141817146;0.3662389914575624;0.74900;0.63655;1.00000
57;829;0.00909799316246531;0.10201025159668436;0.03848630432112642;0.007326654819055153;0.11811314706655751;0.15335445031349076;0.6999999999999998;0.03417454941629575;0.0027123745141817146;0.3662389914575624;0.74900;0.63655;1.00000
58;843;0.00909799316246531;0.10201025159668436;0.03848630432112642;0.007326654819055153;0.11811314706655751;0.15335445031349076;0.6999999999999998;0.03417454941629575;0.0027123745141817146;0.3662389914575624;0.74900;0.63655;1.00000
59;858;0.00909799316246531;0.10201025159668436;0.03848630432112642;0.007326654819055153;0.11811314706655751;0.15335445031349076;0.6999999999999998;0.03417454941629575;0.0027123745141817146;0.3662389914575624;0.74900;0.63655;1.00000
60;873;0.00909799316246531;0.10201025159668436;0.03848630432112642;0.007326654819055153;0.11811314706655751;0.15335445031349076;0.6999999999999998;0.03417454941629575;0.0027123745141817146;0.3662389914575624;0.74900;0.63655;1.00000
61;886;0.00909799316246531;0.10201025159668436;0.03623066735888864;0.007326654819055153;0.046053156065726436;0.15335445031349076;0.6999999999999998;0.03417454941629575;0.0027123745141817146;0.3662389914575624;0.75258;0.64115;1.00000
62;901;0.00909799316246531;0.10201025159668436;0.03623066735888864;0.007326654819055153;0.046053156065726436;0.15335445031349076;0.6999999999999998;0.03417454941629575;0.0027123745141817146;0.3662389914575624;0.75258;0.64115;1.00000
63;916;0.00909799316246531;0.10201025159668436;0.03623066735888864;0.007326654819055153;0.046053156065726436;0.15335445031349076;0.6999999999999998;0.03417454941629575;0.0027123745141817146;0.3662389914575624;0.75258;0.64115;1.00000
64;931;0.00909799316246531;0.10201025159668436;0.03623066735888864;0.007326654819055153;0.046053156065726436;0.15335445031349076;0.6999999999999998;0.005978416697884476;0.0027123745141817146;0.3662389914575624;0.75404;0.65052;0.97857
65;945;0.00909799316246531;0.10201025159668436;0.03623066735888864;0.007326654819055153;0.046053156065726436;0.15335445031349076;0.6999999999999998;0.005978416697884476;0.0027123745141817146;0.3662389914575624;0.75404;0.65052;0.97857
66;958;0.00909799316246531;0.10201025159668436;0.03623066735888864;0.007326654819055153;0.046053156065726436;0.15335445031349076;0.6999999999999998;0.005978416697884476;0.0027123745141817146;0.3662389914575624;0.75404;0.65052;0.97857
67;971;0.00909799316246531;0.10201025159668436;0.03623066735888864;0.007326654819055153;0.046053156065726436;0.15335445031349076;0.6999999999999998;0.005978416697884476;0.0027123745141817146;0.3662389914575624;0.75404;0.65052;0.97857
68;984;0.00909799316246531;0.10201025159668436;0.03623066735888864;0.007326654819055153;0.046053156065726436;0.15335445031349076;0.6999999999999998;0.005978416697884476;0.0027123745141817146;0.3662389914575624;0.75404;0.65052;0.97857
69;999;0.00909799316246531;0.10201025159668436;0.03623066735888864;0.007326654819055153;0.046053156065726436;0.15335445031349076;0.6999999999999998;0.005978416697884476;0.0027123745141817146;0.3662389914575624;0.75404;0.65052;0.97857
70;1013;0.00909799316246531;0.10201025159668436;0.03623066735888864;0.007326654819055153;0.046053156065726436;0.15335445031349076;0.6999999999999998;0.008960500726357163;0.0027123745141817146;0.3662389914575624;0.76272;0.65581;1.00000
71;1028;0.00909799316246531;0.10201025159668436;0.03623066735888864;0.007326654819055153;0.046053156065726436;0.15335445031349076;0.6999999999999998;0.005978416697884476;0.0027123745141817146;0.3662389914575624;0.75404;0.65052;0.97857
72;1043;0.00909799316246531;0.10201025159668436;0.03623066735888864;0.007326654819055153;0.046053156065726436;0.15335445031349076;0.6999999999999998;0.005978416697884476;0.0027123745141817146;0.3662389914575624;0.75404;0.65052;0.97857
73;1057;0.00909799316246531;0.10201025159668436;0.03623066735888864;0.007326654819055153;0.046053156065726436;0.15335445031349076;0.6999999999999998;0.005978416697884476;0.0027123745141817146;0.3662389914575624;0.75404;0.65052;0.97857
74;1072;0.00909799316246531;0.10201025159668436;0.03623066735888864;0.007326654819055153;0.046053156065726436;0.15335445031349076;0.6999999999999998;0.005978416697884476;0.0027123745141817146;0.3662389914575624;0.75404;0.65052;0.97857
75;1086;0.00909799316246531;0.10201025159668436;0.03623066735888864;0.007326654819055153;0.046053156065726436;0.15335445031349076;0.6999999999999998;0.005978416697884476;0.0027123745141817146;0.23381674583897064;0.75404;0.65052;0.97857
76;1101;0.00909799316246531;0.10201025159668436;0.03623066735888864;0.007326654819055153;0.046053156065726436;0.15335445031349076;0.6999999999999998;0.005978416697884476;0.0027123745141817146;0.6999999999999998;0.75404;0.65052;0.97857
77;1115;0.00909799316246531;0.10201025159668436;0.03623066735888864;0.007326654819055153;0.046053156065726436;0.15335445031349076;0.6999999999999998;0.005978416697884476;0.0027123745141817146;0.3662389914575624;0.75404;0.65052;0.97857
78;1130;0.00909799316246531;0.10201025159668436;0.03623066735888864;0.007326654819055153;0.046053156065726436;0.15335445031349076;0.6999999999999998;0.005978416697884476;0.0027123745141817146;0.3662389914575624;0.75404;0.65052;0.97857
79;1144;0.00909799316246531;0.10201025159668436;0.03623066735888864;0.007326654819055153;0.046053156065726436;0.15335445031349076;0.6999999999999998;0.005978416697884476;0.0027123745141817146;0.3662389914575624;0.75404;0.65052;0.97857
80;1158;0.00909799316246531;0.10201025159668436;0.03623066735888864;0.007326654819055153;0.046053156065726436;0.15335445031349076;0.6999999999999998;0.005978416697884476;0.0027123745141817146;0.3662389914575624;0.75404;0.65052;0.97857
81;1172;0.00909799316246531;0.10201025159668436;0.03623066735888864;0.007326654819055153;0.046053156065726436;0.15335445031349076;0.6999999999999998;0.005978416697884476;0.0027123745141817146;0.3662389914575624;0.75404;0.65052;0.97857
82;1187;0.00909799316246531;0.10201025159668436;0.03623066735888864;0.007326654819055153;0.046053156065726436;0.15335445031349076;0.6999999999999998;0.005978416697884476;0.0027123745141817146;0.3662389914575624;0.75404;0.65052;0.97857
83;1201;0.00909799316246531;0.0914109140378094;0.03623066735888864;0.007326654819055153;0.046053156065726436;0.15335445031349076;0.6999999999999998;0.005978416697884476;0.0027123745141817146;0.3662389914575624;0.75404;0.65052;0.97857
84;1215;0.00909799316246531;0.0914109140378094;0.03623066735888864;0.007326654819055153;0.046053156065726436;0.15335445031349076;0.6999999999999998;0.005978416697884476;0.0027123745141817146;0.3662389914575624;0.75404;0.65052;0.97857
85;1229;0.00909799316246531;0.10201025159668436;0.03623066735888864;0.007326654819055153;0.046053156065726436;0.15335445031349076;0.6999999999999998;0.005978416697884476;0.0027123745141817146;0.3662389914575624;0.75404;0.65052;0.97857
86;1243;0.00909799316246531;0.10201025159668436;0.03623066735888864;0.007326654819055153;0.046053156065726436;0.15335445031349076;0.6999999999999998;0.005978416697884476;0.0027123745141817146;0.3662389914575624;0.75404;0.65052;0.97857
87;1255;0.00909799316246531;0.10201025159668436;0.03623066735888864;0.007326654819055153;0.046053156065726436;0.15335445031349076;0.6999999999999998;0.005978416697884476;0.0027123745141817146;0.3662389914575624;0.75404;0.65052;0.97857
88;1270;0.00909799316246531;0.10201025159668436;0.03623066735888864;0.007326654819055153;0.046053156065726436;0.15335445031349076;0.6999999999999998;0.005978416697884476;0.0027123745141817146;0.3662389914575624;0.75404;0.65052;0.97857
89;1285;0.00909799316246531;0.10201025159668436;0.03623066735888864;0.007326654819055153;0.046053156065726436;0.15335445031349076;0.6999999999999998;0.005978416697884476;0.0027123745141817146;0.3662389914575624;0.75404;0.65052;0.97857
90;1299;0.00909799316246531;0.10201025159668436;0.03623066735888864;0.007326654819055153;0.046053156065726436;0.15335445031349076;0.6999999999999998;0.005978416697884476;0.0027123745141817146;0.3662389914575624;0.75404;0.65052;0.97857
91;1314;0.00909799316246531;0.10201025159668436;0.03623066735888864;0.007326654819055153;0.046053156065726436;0.15335445031349076;0.6999999999999998;0.005978416697884476;0.0027123745141817146;0.6999999999999998;0.75404;0.65052;0.97857
92;1328;0.00909799316246531;0.10201025159668436;0.03623066735888864;0.007326654819055153;0.046053156065726436;0.15335445031349076;0.6999999999999998;0.005978416697884476;0.0027123745141817146;0.3662389914575624;0.75404;0.65052;0.97857
93;1343;0.00909799316246531;0.10201025159668436;0.03623066735888864;0.007326654819055153;0.046053156065726436;0.15335445031349076;0.6999999999999998;0.005978416697884476;0.0027123745141817146;0.3662389914575624;0.75404;0.65052;0.97857
94;1357;0.00909799316246531;0.10201025159668436;0.03623066735888864;0.007326654819055153;0.046053156065726436;0.15335445031349076;0.6999999999999998;0.005978416697884476;0.0027123745141817146;0.6999999999999998;0.75404;0.65052;0.97857
95;1372;0.00909799316246531;0.10201025159668436;0.03623066735888864;0.007326654819055153;0.046053156065726436;0.15335445031349076;0.6999999999999998;0.005978416697884476;0.0027123745141817146;0.3662389914575624;0.75404;0.65052;0.97857
96;1387;0.00909799316246531;0.10201025159668436;0.03623066735888864;0.007326654819055153;0.046053156065726436;0.15335445031349076;0.6999999999999998;0.005978416697884476;0.0027123745141817146;0.3662389914575624;0.75404;0.65052;0.97857
97;1402;0.00909799316246531;0.10201025159668436;0.03623066735888864;0.007326654819055153;0.046053156065726436;0.15335445031349076;0.6999999999999998;0.005978416697884476;0.0027123745141817146;0.3662389914575624;0.75404;0.65052;0.97857
98;1416;0.00909799316246531;0.10201025159668436;0.03623066735888864;0.007326654819055153;0.046053156065726436;0.15335445031349076;0.6999999999999998;0.005978416697884476;0.0027123745141817146;0.3662389914575624;0.75404;0.65052;0.97857
99;1430;0.00909799316246531;0.10201025159668436;0.03623066735888864;0.007326654819055153;0.046053156065726436;0.15335445031349076;0.6999999999999998;0.005978416697884476;0.0027123745141817146;0.3662389914575624;0.75404;0.65052;0.97857
100;1444;0.00909799316246531;0.10201025159668436;0.03623066735888864;0.007326654819055153;0.046053156065726436;0.15335445031349076;0.6999999999999998;0.005978416697884476;0.0027123745141817146;0.09481599612873676;0.75404;0.65052;0.97857
101;1459;0.00909799316246531;0.10201025159668436;0.03623066735888864;0.007326654819055153;0.046053156065726436;0.15335445031349076;0.6999999999999998;0.005978416697884476;0.0027123745141817146;0.6999999999999998;0.75404;0.65052;0.97857
102;1473;0.00909799316246531;0.10201025159668436;0.03623066735888864;0.007326654819055153;0.046053156065726436;0.15335445031349076;0.6999999999999998;0.005978416697884476;0.0027123745141817146;0.3662389914575624;0.75404;0.65052;0.97857
103;1488;0.00909799316246531;0.10201025159668436;0.03623066735888864;0.007326654819055153;0.046053156065726436;0.15335445031349076;0.6999999999999998;0.005978416697884476;0.0027123745141817146;0.3662389914575624;0.75404;0.65052;0.97857
104;1500;0.00909799316246531;0.10201025159668436;0.03623066735888864;0.007326654819055153;0.046053156065726436;0.15335445031349076;0.6999999999999998;0.005978416697884476;0.0027123745141817146;0.3662389914575624;0.75404;0.65052;0.97857
105;1515;0.00909799316246531;0.10201025159668436;0.03623066735888864;0.007326654819055153;0.046053156065726436;0.15335445031349076;0.6999999999999998;0.005978416697884476;0.0027123745141817146;0.3662389914575624;0.75404;0.65052;0.97857
106;1530;0.00909799316246531;0.10201025159668436;0.03623066735888864;0.007326654819055153;0.046053156065726436;0.15335445031349076;0.6999999999999998;0.005978416697884476;0.0027123745141817146;0.3662389914575624;0.75404;0.65052;0.97857
107;1545;0.00909799316246531;0.10201025159668436;0.03623066735888864;0.007326654819055153;0.046053156065726436;0.15335445031349076;0.6999999999999998;0.005978416697884476;0.0027123745141817146;0.3662389914575624;0.75404;0.65052;0.97857
108;1559;0.00909799316246531;0.10201025159668436;0.03623066735888864;0.007326654819055153;0.046053156065726436;0.15335445031349076;0.6999999999999998;0.005978416697884476;0.0027123745141817146;0.3662389914575624;0.75404;0.65052;0.97857
109;1574;0.00909799316246531;0.10201025159668436;0.03623066735888864;0.007326654819055153;0.046053156065726436;0.15335445031349076;0.6999999999999998;0.020701552562253665;0.0027123745141817146;0.3662389914575624;0.75743;0.64742;1.00000
110;1588;0.00909799316246531;0.10201025159668436;0.03623066735888864;0.007326654819055153;0.046053156065726436;0.15335445031349076;0.6999999999999998;0.020701552562253665;0.0027123745141817146;0.3662389914575624;0.75743;0.64742;1.00000
111;1602;0.00909799316246531;0.10201025159668436;0.03623066735888864;0.007326654819055153;0.046053156065726436;0.15335445031349076;0.6999999999999998;0.020701552562253665;0.0027123745141817146;0.3662389914575624;0.75743;0.64742;1.00000
112;1616;0.00909799316246531;0.10201025159668436;0.03623066735888864;0.007326654819055153;0.046053156065726436;0.15335445031349076;0.6999999999999998;0.020701552562253665;0.0027123745141817146;0.3662389914575624;0.75743;0.64742;1.00000
113;1630;0.00909799316246531;0.10201025159668436;0.03623066735888864;0.007326654819055153;0.046053156065726436;0.15335445031349076;0.6999999999999998;0.020701552562253665;0.0027123745141817146;0.3662389914575624;0.75743;0.64742;1.00000
114;1644;0.00909799316246531;0.10201025159668436;0.03623066735888864;0.007326654819055153;0.046053156065726436;0.15335445031349076;0.6999999999999998;0.020701552562253665;0.0027123745141817146;0.3662389914575624;0.75743;0.64742;1.00000
115;1659;0.00909799316246531;0.10201025159668436;0.03623066735888864;0.007326654819055153;0.046053156065726436;0.15335445031349076;0.6999999999999998;0.020701552562253665;0.0027123745141817146;0.3662389914575624;0.75743;0.64742;1.00000
116;1673;0.00909799316246531;0.10201025159668436;0.03623066735888864;0.007326654819055153;0.046053156065726436;0.15335445031349076;0.6999999999999998;0.020701552562253665;0.0027123745141817146;0.3662389914575624;0.75743;0.64742;1.00000
117;1686;0.00909799316246531;0.10201025159668436;0.03623066735888864;0.007326654819055153;0.046053156065726436;0.15335445031349076;0.6999999999999998;0.020701552562253665;0.0027123745141817146;0.3662389914575624;0.75743;0.64742;1.00000
118;1699;0.00909799316246531;0.10201025159668436;0.03623066735888864;0.007326654819055153;0.046053156065726436;0.15335445031349076;0.6999999999999998;0.020701552562253665;0.0027123745141817146;0.3662389914575624;0.75743;0.64742;1.00000
119;1712;0.00909799316246531;0.10201025159668436;0.03623066735888864;0.007326654819055153;0.046053156065726436;0.15335445031349076;0.6999999999999998;0.020701552562253665;0.0027123745141817146;0.3662389914575624;0.75743;0.64742;1.00000
120;1726;0.00909799316246531;0.10201025159668436;0.03623066735888864;0.007326654819055153;0.046053156065726436;0.15335445031349076;0.6999999999999998;0.020701552562253665;0.0027123745141817146;0.3662389914575624;0.75743;0.64742;1.00000
121;1741;0.00909799316246531;0.10201025159668436;0.03623066735888864;0.007326654819055153;0.046053156065726436;0.15335445031349076;0.6999999999999998;0.020701552562253665;0.0027123745141817146;0.3662389914575624;0.75743;0.64742;1.00000
122;1755;0.00909799316246531;0.10201025159668436;0.03623066735888864;0.007326654819055153;0.046053156065726436;0.15335445031349076;0.6999999999999998;0.020701552562253665;0.0027123745141817146;0.3662389914575624;0.75743;0.64742;1.00000
123;1769;0.00909799316246531;0.10201025159668436;0.03623066735888864;0.007326654819055153;0.046053156065726436;0.15335445031349076;0.6999999999999998;0.020701552562253665;0.0027123745141817146;0.3662389914575624;0.75743;0.64742;1.00000
124;1784;0.00909799316246531;0.10201025159668436;0.03623066735888864;0.007326654819055153;0.046053156065726436;0.15335445031349076;0.6999999999999998;0.020701552562253665;0.0027123745141817146;0.3662389914575624;0.75743;0.64742;1.00000
125;1797;0.00909799316246531;0.10201025159668436;0.03623066735888864;0.007326654819055153;0.046053156065726436;0.15335445031349076;0.6999999999999998;0.020701552562253665;0.0027123745141817146;0.3662389914575624;0.75743;0.64742;1.00000
126;1810;0.00909799316246531;0.10201025159668436;0.03623066735888864;0.007326654819055153;0.046053156065726436;0.15335445031349076;0.6999999999999998;0.020701552562253665;0.0027123745141817146;0.3662389914575624;0.75743;0.64742;1.00000
127;1825;0.00909799316246531;0.10201025159668436;0.03623066735888864;0.007326654819055153;0.046053156065726436;0.15335445031349076;0.6999999999999998;0.020701552562253665;0.0027123745141817146;0.3662389914575624;0.75743;0.64742;1.00000
128;1840;0.00909799316246531;0.10201025159668436;0.03623066735888864;0.007326654819055153;0.046053156065726436;0.15335445031349076;0.6999999999999998;0.020701552562253665;0.0027123745141817146;0.3662389914575624;0.75743;0.64742;1.00000
129;1855;0.00909799316246531;0.10201025159668436;0.03623066735888864;0.007326654819055153;0.046053156065726436;0.15335445031349076;0.6999999999999998;0.020701552562253665;0.0027123745141817146;0.3662389914575624;0.75743;0.64742;1.00000
130;1869;0.00909799316246531;0.10201025159668436;0.03623066735888864;0.007326654819055153;0.046053156065726436;0.15335445031349076;0.6999999999999998;0.020701552562253665;0.0027123745141817146;0.3662389914575624;0.75743;0.64742;1.00000
131;1884;0.00909799316246531;0.10201025159668436;0.03623066735888864;0.007326654819055153;0.046053156065726436;0.15335445031349076;0.6999999999999998;0.020701552562253665;0.0027123745141817146;0.3662389914575624;0.75743;0.64742;1.00000
132;1897;0.00909799316246531;0.10201025159668436;0.03623066735888864;0.007326654819055153;0.046053156065726436;0.15335445031349076;0.6999999999999998;0.020701552562253665;0.0027123745141817146;0.3662389914575624;0.75743;0.64742;1.00000
133;1910;0.00909799316246531;0.10201025159668436;0.03623066735888864;0.007326654819055153;0.046053156065726436;0.15335445031349076;0.6999999999999998;0.020701552562253665;0.0027123745141817146;0.3662389914575624;0.75743;0.64742;1.00000
134;1925;0.00909799316246531;0.10201025159668436;0.03623066735888864;0.007326654819055153;0.046053156065726436;0.15335445031349076;0.6999999999999998;0.020701552562253665;0.0027123745141817146;0.3662389914575624;0.75743;0.64742;1.00000
135;1939;0.00909799316246531;0.10201025159668436;0.03623066735888864;0.007326654819055153;0.046053156065726436;0.15335445031349076;0.6999999999999998;0.020701552562253665;0.0027123745141817146;0.3662389914575624;0.75743;0.64742;1.00000
136;1953;0.00909799316246531;0.10201025159668436;0.03623066735888864;0.007326654819055153;0.046053156065726436;0.15335445031349076;0.6999999999999998;0.020701552562253665;0.0027123745141817146;0.3662389914575624;0.75743;0.64742;1.00000
137;1968;0.00909799316246531;0.10201025159668436;0.03623066735888864;0.007326654819055153;0.046053156065726436;0.15335445031349076;0.6999999999999998;0.020701552562253665;0.0027123745141817146;0.3662389914575624;0.75743;0.64742;1.00000
138;1982;0.00909799316246531;0.10201025159668436;0.03623066735888864;0.007326654819055153;0.046053156065726436;0.15335445031349076;0.6999999999999998;0.020701552562253665;0.0027123745141817146;0.3662389914575624;0.75743;0.64742;1.00000
139;1996;0.00909799316246531;0.10201025159668436;0.03623066735888864;0.007326654819055153;0.046053156065726436;0.15335445031349076;0.6999999999999998;0.020701552562253665;0.0027123745141817146;0.3662389914575624;0.75743;0.64742;1.00000
140;2010;0.00909799316246531;0.10201025159668436;0.03623066735888864;0.007326654819055153;0.046053156065726436;0.15335445031349076;0.6999999999999998;0.020701552562253665;0.0027123745141817146;0.3662389914575624;0.75743;0.64742;1.00000
141;2023;0.00909799316246531;0.10201025159668436;0.03623066735888864;0.007326654819055153;0.046053156065726436;0.15335445031349076;0.6999999999999998;0.020701552562253665;0.0027123745141817146;0.3662389914575624;0.75743;0.64742;1.00000
142;2038;0.00909799316246531;0.10201025159668436;0.03623066735888864;0.007326654819055153;0.046053156065726436;0.026790725028302237;0.6999999999999998;0.020701552562253665;0.0027123745141817146;0.3662389914575624;0.79692;0.69656;1.00000
143;2052;0.00909799316246531;0.10201025159668436;0.03623066735888864;0.007326654819055153;0.046053156065726436;0.026790725028302237;0.6999999999999998;0.020701552562253665;0.0027123745141817146;0.3662389914575624;0.79692;0.69656;1.00000
144;2066;0.00909799316246531;0.10201025159668436;0.03623066735888864;0.007326654819055153;0.046053156065726436;0.026790725028302237;0.6999999999999998;0.020701552562253665;0.0027123745141817146;0.3662389914575624;0.79692;0.69656;1.00000
145;2080;0.00909799316246531;0.10201025159668436;0.03623066735888864;0.007326654819055153;0.046053156065726436;0.026790725028302237;0.6999999999999998;0.020701552562253665;0.0027123745141817146;0.3662389914575624;0.79692;0.69656;1.00000
146;2095;0.00909799316246531;0.10201025159668436;0.03623066735888864;0.007326654819055153;0.046053156065726436;0.026790725028302237;0.6999999999999998;0.020701552562253665;0.0027123745141817146;0.3662389914575624;0.79692;0.69656;1.00000
147;2110;0.00909799316246531;0.10201025159668436;0.03623066735888864;0.007326654819055153;0.046053156065726436;0.026790725028302237;0.6999999999999998;0.020701552562253665;0.0027123745141817146;0.3662389914575624;0.79692;0.69656;1.00000
148;2125;0.00909799316246531;0.10201025159668436;0.03623066735888864;0.007326654819055153;0.046053156065726436;0.026790725028302237;0.6999999999999998;0.020701552562253665;0.0027123745141817146;0.3662389914575624;0.79692;0.69656;1.00000
149;2140;0.00909799316246531;0.10201025159668436;0.03623066735888864;0.007326654819055153;0.046053156065726436;0.026790725028302237;0.6999999999999998;0.020701552562253665;0.0027123745141817146;0.3662389914575624;0.79692;0.69656;1.00000
150;2153;0.00909799316246531;0.10201025159668436;0.03623066735888864;0.007326654819055153;0.046053156065726436;0.026790725028302237;0.6999999999999998;0.020701552562253665;0.0027123745141817146;0.3662389914575624;0.79692;0.69656;1.00000
151;2167;0.00909799316246531;0.10201025159668436;0.03623066735888864;0.007326654819055153;0.046053156065726436;0.026790725028302237;0.6999999999999998;0.020701552562253665;0.0027123745141817146;0.3662389914575624;0.79692;0.69656;1.00000
152;2182;0.00909799316246531;0.10201025159668436;0.03623066735888864;0.007326654819055153;0.046053156065726436;0.026790725028302237;0.6999999999999998;0.020701552562253665;0.0027123745141817146;0.3662389914575624;0.79692;0.69656;1.00000
153;2195;0.04228429319237341;0.10201025159668436;0.03623066735888864;0.007326654819055153;0.046053156065726436;0.026790725028302237;0.6999999999999998;0.020701552562253665;0.0027123745141817146;0.3662389914575624;0.79692;0.69656;1.00000
154;2210;0.00909799316246531;0.10201025159668436;0.03623066735888864;0.007326654819055153;0.046053156065726436;0.026790725028302237;0.6999999999999998;0.020701552562253665;0.0027123745141817146;0.3662389914575624;0.79692;0.69656;1.00000
155;2225;0.00909799316246531;0.10201025159668436;0.03623066735888864;0.007326654819055153;0.046053156065726436;0.026790725028302237;0.6999999999999998;0.020701552562253665;0.0027123745141817146;0.3662389914575624;0.79692;0.69656;1.00000
156;2239;0.00909799316246531;0.10201025159668436;0.03623066735888864;0.007326654819055153;0.046053156065726436;0.026790725028302237;0.6999999999999998;0.020701552562253665;0.0027123745141817146;0.3662389914575624;0.79692;0.69656;1.00000
157;2252;0.00909799316246531;0.10201025159668436;0.03623066735888864;0.007326654819055153;0.046053156065726436;0.026790725028302237;0.6999999999999998;0.020701552562253665;0.0027123745141817146;0.3662389914575624;0.79692;0.69656;1.00000
158;2263;0.00909799316246531;0.10201025159668436;0.03623066735888864;0.007326654819055153;0.046053156065726436;0.026790725028302237;0.6999999999999998;0.020701552562253665;0.0027123745141817146;0.3662389914575624;0.79692;0.69656;1.00000
159;2276;0.00909799316246531;0.10201025159668436;0.03623066735888864;0.007326654819055153;0.046053156065726436;0.026790725028302237;0.6999999999999998;0.020701552562253665;0.0027123745141817146;0.3662389914575624;0.79692;0.69656;1.00000
160;2290;0.04228429319237341;0.10201025159668436;0.03623066735888864;0.007326654819055153;0.046053156065726436;0.026790725028302237;0.6999999999999998;0.020701552562253665;0.0027123745141817146;0.3662389914575624;0.79692;0.69656;1.00000
161;2305;0.04228429319237341;0.10201025159668436;0.03623066735888864;0.007326654819055153;0.019003513204258735;0.026790725028302237;0.6999999999999998;0.020701552562253665;0.0027123745141817146;0.3662389914575624;0.80039;0.70083;1.00000
162;2318;0.04228429319237341;0.10201025159668436;0.03623066735888864;0.007326654819055153;0.019003513204258735;0.026790725028302237;0.6999999999999998;0.020701552562253665;0.0027123745141817146;0.3662389914575624;0.80039;0.70083;1.00000
163;2332;0.04228429319237341;0.10201025159668436;0.03623066735888864;0.007326654819055153;0.019003513204258735;0.026790725028302237;0.6999999999999998;0.020701552562253665;0.0027123745141817146;0.3662389914575624;0.80039;0.70083;1.00000
164;2346;0.04228429319237341;0.10201025159668436;0.03623066735888864;0.007326654819055153;0.019003513204258735;0.026790725028302237;0.6999999999999998;0.020701552562253665;0.0027123745141817146;0.3662389914575624;0.80039;0.70083;1.00000
165;2359;0.04228429319237341;0.10201025159668436;0.03623066735888864;0.007326654819055153;0.019003513204258735;0.026790725028302237;0.6999999999999998;0.020701552562253665;0.0027123745141817146;0.3662389914575624;0.80039;0.70083;1.00000
166;2374;0.04228429319237341;0.10201025159668436;0.03623066735888864;0.007326654819055153;0.019003513204258735;0.026790725028302237;0.6999999999999998;0.020701552562253665;0.0027123745141817146;0.3662389914575624;0.80039;0.70083;1.00000
167;2387;0.04228429319237341;0.10201025159668436;0.03623066735888864;0.007326654819055153;0.019003513204258735;0.026790725028302237;0.6999999999999998;0.020701552562253665;0.0027123745141817146;0.3662389914575624;0.80039;0.70083;1.00000
168;2400;0.04228429319237341;0.10201025159668436;0.03623066735888864;0.007326654819055153;0.019003513204258735;0.026790725028302237;0.6999999999999998;0.020701552562253665;0.0027123745141817146;0.3662389914575624;0.80039;0.70083;1.00000
169;2415;0.04228429319237341;0.10201025159668436;0.03623066735888864;0.007326654819055153;0.019003513204258735;0.026790725028302237;0.6999999999999998;0.020701552562253665;0.0027123745141817146;0.3662389914575624;0.80039;0.70083;1.00000
170;2429;0.04228429319237341;0.10201025159668436;0.03623066735888864;0.007326654819055153;0.019003513204258735;0.026790725028302237;0.6999999999999998;0.020701552562253665;0.0027123745141817146;0.3662389914575624;0.80039;0.70083;1.00000
171;2444;0.04228429319237341;0.10201025159668436;0.03623066735888864;0.007326654819055153;0.019003513204258735;0.026790725028302237;0.6999999999999998;0.020701552562253665;0.0027123745141817146;0.3662389914575624;0.80039;0.70083;1.00000
172;2459;0.04228429319237341;0.10201025159668436;0.03623066735888864;0.007326654819055153;0.019003513204258735;0.026790725028302237;0.6999999999999998;0.020701552562253665;0.0027123745141817146;0.3662389914575624;0.80039;0.70083;1.00000
173;2473;0.04228429319237341;0.10201025159668436;0.03623066735888864;0.007326654819055153;0.019003513204258735;0.026790725028302237;0.6999999999999998;0.020701552562253665;0.0027123745141817146;0.3662389914575624;0.80039;0.70083;1.00000
174;2487;0.04228429319237341;0.10201025159668436;0.03623066735888864;0.007326654819055153;0.019003513204258735;0.026790725028302237;0.6999999999999998;0.020701552562253665;0.0027123745141817146;0.3662389914575624;0.80039;0.70083;1.00000
175;2501;0.04228429319237341;0.10201025159668436;0.03623066735888864;0.007326654819055153;0.019003513204258735;0.026790725028302237;0.6999999999999998;0.020701552562253665;0.0027123745141817146;0.3662389914575624;0.80039;0.70083;1.00000
176;2515;0.04228429319237341;0.10201025159668436;0.03623066735888864;0.007326654819055153;0.019003513204258735;0.026790725028302237;0.6999999999999998;0.020701552562253665;0.0027123745141817146;0.3662389914575624;0.80039;0.70083;1.00000
177;2530;0.04228429319237341;0.10201025159668436;0.03623066735888864;0.007326654819055153;0.019003513204258735;0.026790725028302237;0.6999999999999998;0.020701552562253665;0.0027123745141817146;0.3662389914575624;0.80039;0.70083;1.00000
178;2545;0.04228429319237341;0.10201025159668436;0.03623066735888864;0.007326654819055153;0.019003513204258735;0.026790725028302237;0.6999999999999998;0.020701552562253665;0.0027123745141817146;0.3662389914575624;0.80039;0.70083;1.00000
179;2559;0.04228429319237341;0.10201025159668436;0.03623066735888864;0.007326654819055153;0.019003513204258735;0.026790725028302237;0.6999999999999998;0.020701552562253665;0.0027123745141817146;0.3662389914575624;0.80039;0.70083;1.00000
180;2573;0.04228429319237341;0.10201025159668436;0.03623066735888864;0.007326654819055153;0.019003513204258735;0.026790725028302237;0.6999999999999998;0.020701552562253665;0.0027123745141817146;0.3662389914575624;0.80039;0.70083;1.00000
181;2587;0.04228429319237341;0.10201025159668436;0.03623066735888864;0.007326654819055153;0.019003513204258735;0.026790725028302237;0.6999999999999998;0.020701552562253665;0.0027123745141817146;0.3662389914575624;0.80039;0.70083;1.00000
182;2602;0.04228429319237341;0.10201025159668436;0.03623066735888864;0.007326654819055153;0.019003513204258735;0.026790725028302237;0.6999999999999998;0.020701552562253665;0.0027123745141817146;0.3662389914575624;0.80039;0.70083;1.00000
183;2616;0.04228429319237341;0.10201025159668436;0.03623066735888864;0.007326654819055153;0.019003513204258735;0.026790725028302237;0.6999999999999998;0.020701552562253665;0.0027123745141817146;0.3662389914575624;0.80039;0.70083;1.00000
184;2630;0.04228429319237341;0.10201025159668436;0.03623066735888864;0.007326654819055153;0.019003513204258735;0.026790725028302237;0.6999999999999998;0.020701552562253665;0.0027123745141817146;0.3662389914575624;0.80039;0.70083;1.00000
185;2645;0.04228429319237341;0.10201025159668436;0.03623066735888864;0.007326654819055153;0.006351249373830326;0.026790725028302237;0.6999999999999998;0.030324542390641702;0.0027123745141817146;0.3662389914575624;0.80158;0.70214;1.00000
186;2660;0.04228429319237341;0.10201025159668436;0.03623066735888864;0.007326654819055153;0.006351249373830326;0.026790725028302237;0.6999999999999998;0.030324542390641702;0.0027123745141817146;0.3662389914575624;0.80158;0.70214;1.00000
187;2674;0.04228429319237341;0.10201025159668436;0.03623066735888864;0.007326654819055153;0.006351249373830326;0.026790725028302237;0.6999999999999998;0.030324542390641702;0.0027123745141817146;0.3662389914575624;0.80158;0.70214;1.00000
188;2688;0.04228429319237341;0.10201025159668436;0.03623066735888864;0.007326654819055153;0.006351249373830326;0.026790725028302237;0.6999999999999998;0.020701552562253665;0.0027123745141817146;0.3662389914575624;0.80174;0.70224;1.00000
189;2702;0.04228429319237341;0.10201025159668436;0.03623066735888864;0.007326654819055153;0.006351249373830326;0.026790725028302237;0.6999999999999998;0.030324542390641702;0.0027123745141817146;0.3662389914575624;0.80158;0.70214;1.00000
190;2716;0.04228429319237341;0.10201025159668436;0.03623066735888864;0.007326654819055153;0.006351249373830326;0.026790725028302237;0.6999999999999998;0.030324542390641702;0.0027123745141817146;0.3662389914575624;0.80158;0.70214;1.00000
191;2730;0.04228429319237341;0.10201025159668436;0.03623066735888864;0.007326654819055153;0.006351249373830326;0.026790725028302237;0.6999999999999998;0.030324542390641702;0.0027123745141817146;0.3662389914575624;0.80158;0.70214;1.00000
192;2745;0.04228429319237341;0.10201025159668436;0.03623066735888864;0.007326654819055153;0.006351249373830326;0.026790725028302237;0.6999999999999998;0.030324542390641702;0.0027123745141817146;0.3662389914575624;0.80158;0.70214;1.00000
193;2760;0.04228429319237341;0.10201025159668436;0.03623066735888864;0.007326654819055153;0.006351249373830326;0.026790725028302237;0.6999999999999998;0.030324542390641702;0.0027123745141817146;0.3662389914575624;0.80158;0.70214;1.00000
194;2774;0.04228429319237341;0.10201025159668436;0.03623066735888864;0.007326654819055153;0.006351249373830326;0.026790725028302237;0.6999999999999998;0.030324542390641702;0.0027123745141817146;0.3662389914575624;0.80158;0.70214;1.00000
195;2788;0.04228429319237341;0.10201025159668436;0.03623066735888864;0.007326654819055153;0.006351249373830326;0.026790725028302237;0.6999999999999998;0.030324542390641702;0.0027123745141817146;0.3662389914575624;0.80158;0.70214;1.00000
196;2803;0.04228429319237341;0.10201025159668436;0.03623066735888864;0.007326654819055153;0.006351249373830326;0.026790725028302237;0.6999999999999998;0.030324542390641702;0.0027123745141817146;0.3662389914575624;0.80158;0.70214;1.00000
197;2817;0.04228429319237341;0.10201025159668436;0.03623066735888864;0.007326654819055153;0.006351249373830326;0.026790725028302237;0.6999999999999998;0.030324542390641702;0.0027123745141817146;0.3662389914575624;0.80158;0.70214;1.00000
198;2832;0.04228429319237341;0.10201025159668436;0.03623066735888864;0.007326654819055153;0.006351249373830326;0.026790725028302237;0.6999999999999998;0.030324542390641702;0.0027123745141817146;0.3662389914575624;0.80158;0.70214;1.00000
199;2847;0.04228429319237341;0.10201025159668436;0.03623066735888864;0.007326654819055153;0.006351249373830326;0.026790725028302237;0.6999999999999998;0.030324542390641702;0.0027123745141817146;0.3662389914575624;0.80158;0.70214;1.00000
200;2860;0.04228429319237341;0.10201025159668436;0.03623066735888864;0.007326654819055153;0.006351249373830326;0.026790725028302237;0.6999999999999998;0.030324542390641702;0.0027123745141817146;0.3662389914575624;0.80158;0.70214;1.00000
201;2872;0.04228429319237341;0.10201025159668436;0.03623066735888864;0.007326654819055153;0.006351249373830326;0.026790725028302237;0.6999999999999998;0.030324542390641702;0.0027123745141817146;0.3662389914575624;0.80158;0.70214;1.00000
202;2887;0.04228429319237341;0.10201025159668436;0.03623066735888864;0.007326654819055153;0.006351249373830326;0.026790725028302237;0.6999999999999998;0.030324542390641702;0.0027123745141817146;0.3662389914575624;0.80158;0.70214;1.00000
203;2902;0.04228429319237341;0.10201025159668436;0.03623066735888864;0.007326654819055153;0.006351249373830326;0.026790725028302237;0.6999999999999998;0.030324542390641702;0.0027123745141817146;0.3662389914575624;0.80158;0.70214;1.00000
204;2916;0.04228429319237341;0.10201025159668436;0.03623066735888864;0.007326654819055153;0.006351249373830326;0.026790725028302237;0.6999999999999998;0.030324542390641702;0.0027123745141817146;0.3662389914575624;0.80158;0.70214;1.00000
205;2931;0.04228429319237341;0.10201025159668436;0.03623066735888864;0.007326654819055153;0.006351249373830326;0.026790725028302237;0.6999999999999998;0.030324542390641702;0.0027123745141817146;0.3662389914575624;0.80158;0.70214;1.00000
206;2946;0.04228429319237341;0.10201025159668436;0.03623066735888864;0.007326654819055153;0.006351249373830326;0.009345124693402151;0.6999999999999998;0.030324542390641702;0.0027123745141817146;0.3662389914575624;0.80467;0.70755;1.00000
207;2959;0.04228429319237341;0.10201025159668436;0.03623066735888864;0.007326654819055153;0.006351249373830326;0.009345124693402151;0.6999999999999998;0.030324542390641702;0.0027123745141817146;0.3662389914575624;0.80467;0.70755;1.00000
208;2974;0.04228429319237341;0.10201025159668436;0.03623066735888864;0.007326654819055153;0.006351249373830326;0.009345124693402151;0.6999999999999998;0.030324542390641702;0.0027123745141817146;0.3662389914575624;0.80467;0.70755;1.00000
209;2987;0.04228429319237341;0.10201025159668436;0.03623066735888864;0.007326654819055153;0.006351249373830326;0.009345124693402151;0.6999999999999998;0.030324542390641702;0.0027123745141817146;0.3662389914575624;0.80467;0.70755;1.00000
210;2997;0.04228429319237341;0.10201025159668436;0.03623066735888864;0.007326654819055153;0.006351249373830326;0.009345124693402151;0.6999999999999998;0.030324542390641702;0.0027123745141817146;0.3662389914575624;0.80467;0.70755;1.00000
211;3011;0.04228429319237341;0.10201025159668436;0.03623066735888864;0.007326654819055153;0.006351249373830326;0.009345124693402151;0.6999999999999998;0.030324542390641702;0.0027123745141817146;0.3662389914575624;0.80467;0.70755;1.00000
212;3026;0.04228429319237341;0.10201025159668436;0.03623066735888864;0.007326654819055153;0.006351249373830326;0.009345124693402151;0.6999999999999998;0.030324542390641702;0.0027123745141817146;0.3662389914575624;0.80467;0.70755;1.00000
213;3038;0.04228429319237341;0.10201025159668436;0.03623066735888864;0.007326654819055153;0.006351249373830326;0.009345124693402151;0.6999999999999998;0.030324542390641702;0.0027123745141817146;0.3662389914575624;0.80467;0.70755;1.00000
214;3053;0.04228429319237341;0.10201025159668436;0.03623066735888864;0.007326654819055153;0.006351249373830326;0.009345124693402151;0.6999999999999998;0.030324542390641702;0.0027123745141817146;0.3662389914575624;0.80467;0.70755;1.00000
215;3067;0.04228429319237341;0.10201025159668436;0.03623066735888864;0.007326654819055153;0.006351249373830326;0.009345124693402151;0.6999999999999998;0.030324542390641702;0.0027123745141817146;0.3662389914575624;0.80467;0.70755;1.00000
216;3081;0.04228429319237341;0.10201025159668436;0.03623066735888864;0.007326654819055153;0.006351249373830326;0.009345124693402151;0.6999999999999998;0.030324542390641702;0.0027123745141817146;0.3662389914575624;0.80467;0.70755;1.00000
217;3096;0.04228429319237341;0.10201025159668436;0.03623066735888864;0.007326654819055153;0.006351249373830326;0.009345124693402151;0.6999999999999998;0.030324542390641702;0.0027123745141817146;0.3662389914575624;0.80467;0.70755;1.00000
218;3109;0.04228429319237341;0.10201025159668436;0.03623066735888864;0.007326654819055153;0.006351249373830326;0.009345124693402151;0.6999999999999998;0.030324542390641702;0.0027123745141817146;0.3662389914575624;0.80467;0.70755;1.00000
219;3124;0.04228429319237341;0.10201025159668436;0.03623066735888864;0.007326654819055153;0.006351249373830326;0.009345124693402151;0.6999999999999998;0.030324542390641702;0.0027123745141817146;0.3662389914575624;0.80467;0.70755;1.00000
220;3137;0.04228429319237341;0.10201025159668436;0.03623066735888864;0.007326654819055153;0.006351249373830326;0.009345124693402151;0.6999999999999998;0.030324542390641702;0.0027123745141817146;0.3662389914575624;0.80467;0.70755;1.00000
221;3149;0.04228429319237341;0.10201025159668436;0.03623066735888864;0.007326654819055153;0.006351249373830326;0.009345124693402151;0.6999999999999998;0.030324542390641702;0.0027123745141817146;0.3662389914575624;0.80467;0.70755;1.00000
222;3163;0.04228429319237341;0.10201025159668436;0.03623066735888864;0.007326654819055153;0.006351249373830326;0.009345124693402151;0.6999999999999998;0.030324542390641702;0.0027123745141817146;0.3662389914575624;0.80467;0.70755;1.00000
223;3177;0.04228429319237341;0.10201025159668436;0.03623066735888864;0.007326654819055153;0.006351249373830326;0.009345124693402151;0.6999999999999998;0.030324542390641702;0.0027123745141817146;0.3662389914575624;0.80467;0.70755;1.00000
224;3190;0.04228429319237341;0.10201025159668436;0.03623066735888864;0.007326654819055153;0.006351249373830326;0.009345124693402151;0.6999999999999998;0.030324542390641702;0.0027123745141817146;0.3662389914575624;0.80467;0.70755;1.00000
225;3205;0.04228429319237341;0.10201025159668436;0.03623066735888864;0.007326654819055153;0.006351249373830326;0.009345124693402151;0.6999999999999998;0.030324542390641702;0.0027123745141817146;0.3662389914575624;0.80467;0.70755;1.00000
226;3220;0.04228429319237341;0.10201025159668436;0.03623066735888864;0.007326654819055153;0.006351249373830326;0.009345124693402151;0.6999999999999998;0.030324542390641702;0.0027123745141817146;0.3662389914575624;0.80467;0.70755;1.00000
227;3234;0.04228429319237341;0.10201025159668436;0.022131497003317076;0.007326654819055153;0.006351249373830326;0.009345124693402151;0.6999999999999998;0.030324542390641702;0.0027123745141817146;0.3662389914575624;0.80467;0.70755;1.00000
228;3249;0.04228429319237341;0.10201025159668436;0.03623066735888864;0.007326654819055153;0.006351249373830326;0.009345124693402151;0.6999999999999998;0.030324542390641702;0.0027123745141817146;0.20255907673524284;0.80467;0.70755;1.00000
229;3263;0.04228429319237341;0.10201025159668436;0.022131497003317076;0.007326654819055153;0.006351249373830326;0.009345124693402151;0.6999999999999998;0.030324542390641702;0.0027123745141817146;0.3662389914575624;0.80467;0.70755;1.00000
230;3278;0.04228429319237341;0.10201025159668436;0.03623066735888864;0.007326654819055153;0.006351249373830326;0.009345124693402151;0.6999999999999998;0.030324542390641702;0.0027123745141817146;0.3662389914575624;0.80467;0.70755;1.00000
231;3292;0.04228429319237341;0.10201025159668436;0.022131497003317076;0.007326654819055153;0.006351249373830326;0.009345124693402151;0.6999999999999998;0.030324542390641702;0.0027123745141817146;0.3662389914575624;0.80467;0.70755;1.00000
232;3305;0.04228429319237341;0.10201025159668436;0.022131497003317076;0.007326654819055153;0.006351249373830326;0.009345124693402151;0.6999999999999998;0.030324542390641702;0.0027123745141817146;0.3662389914575624;0.80467;0.70755;1.00000
233;3319;0.04228429319237341;0.10201025159668436;0.03623066735888864;0.007326654819055153;0.006351249373830326;0.009345124693402151;0.6999999999999998;0.030324542390641702;0.0027123745141817146;0.3662389914575624;0.80467;0.70755;1.00000
234;3333;0.04228429319237341;0.10201025159668436;0.03623066735888864;0.007326654819055153;0.006351249373830326;0.009345124693402151;0.6999999999999998;0.030324542390641702;0.0027123745141817146;0.3662389914575624;0.80467;0.70755;1.00000
235;3348;0.04228429319237341;0.10201025159668436;0.03623066735888864;0.007326654819055153;0.006351249373830326;0.009345124693402151;0.6999999999999998;0.030324542390641702;0.0027123745141817146;0.3662389914575624;0.80467;0.70755;1.00000
236;3363;0.04228429319237341;0.10201025159668436;0.03623066735888864;0.007326654819055153;0.006351249373830326;0.009345124693402151;0.6999999999999998;0.030324542390641702;0.0027123745141817146;0.3662389914575624;0.80467;0.70755;1.00000
237;3378;0.04228429319237341;0.10690443673158337;0.03623066735888864;0.007326654819055153;0.006351249373830326;0.009345124693402151;0.6999999999999998;0.030324542390641702;0.0027123745141817146;0.3662389914575624;0.80467;0.70755;1.00000
238;3392;0.04228429319237341;0.10201025159668436;0.022131497003317076;0.007326654819055153;0.006351249373830326;0.009345124693402151;0.6999999999999998;0.030324542390641702;0.0027123745141817146;0.3662389914575624;0.80467;0.70755;1.00000
239;3405;0.04228429319237341;0.10201025159668436;0.022131497003317076;0.007326654819055153;0.006351249373830326;0.009345124693402151;0.6999999999999998;0.030324542390641702;0.0027123745141817146;0.3662389914575624;0.80467;0.70755;1.00000
240;3419;0.04228429319237341;0.10201025159668436;0.022131497003317076;0.007326654819055153;0.006351249373830326;0.009345124693402151;0.6999999999999998;0.030324542390641702;0.0027123745141817146;0.3662389914575624;0.80467;0.70755;1.00000
241;3434;0.04228429319237341;0.10201025159668436;0.022131497003317076;0.007326654819055153;0.006351249373830326;0.009345124693402151;0.6999999999999998;0.030324542390641702;0.0027123745141817146;0.3662389914575624;0.80467;0.70755;1.00000
242;3449;0.04228429319237341;0.10201025159668436;0.022131497003317076;0.007326654819055153;0.006351249373830326;0.009345124693402151;0.6999999999999998;0.030324542390641702;0.0027123745141817146;0.3662389914575624;0.80467;0.70755;1.00000
243;3464;0.04228429319237341;0.10201025159668436;0.022131497003317076;0.007326654819055153;0.006351249373830326;0.009345124693402151;0.6999999999999998;0.030324542390641702;0.0027123745141817146;0.3662389914575624;0.80467;0.70755;1.00000
244;3478;0.04228429319237341;0.10201025159668436;0.03623066735888864;0.007326654819055153;0.006351249373830326;0.017817010272817072;0.6999999999999998;0.030324542390641702;0.0027123745141817146;0.3662389914575624;0.80467;0.70755;1.00000
245;3493;0.04228429319237341;0.10201025159668436;0.022131497003317076;0.007326654819055153;0.006351249373830326;0.009345124693402151;0.6999999999999998;0.030324542390641702;0.0027123745141817146;0.3662389914575624;0.80467;0.70755;1.00000
246;3508;0.04228429319237341;0.10201025159668436;0.022131497003317076;0.007326654819055153;0.006351249373830326;0.009345124693402151;0.6999999999999998;0.030324542390641702;0.0027123745141817146;0.3662389914575624;0.80467;0.70755;1.00000
247;3523;0.04228429319237341;0.10201025159668436;0.022131497003317076;0.007326654819055153;0.006351249373830326;0.009345124693402151;0.6999999999999998;0.030324542390641702;0.0027123745141817146;0.3662389914575624;0.80467;0.70755;1.00000
248;3536;0.04228429319237341;0.10201025159668436;0.022131497003317076;0.007326654819055153;0.006351249373830326;0.009345124693402151;0.6999999999999998;0.030324542390641702;0.0027123745141817146;0.3662389914575624;0.80467;0.70755;1.00000
249;3550;0.04228429319237341;0.10201025159668436;0.03623066735888864;0.007326654819055153;0.006351249373830326;0.009345124693402151;0.6999999999999998;0.030324542390641702;0.0027123745141817146;0.3662389914575624;0.80467;0.70755;1.00000
250;3565;0.04228429319237341;0.10201025159668436;0.022131497003317076;0.007326654819055153;0.006351249373830326;0.009345124693402151;0.6999999999999998;0.030324542390641702;0.0027123745141817146;0.3662389914575624;0.80467;0.70755;1.00000
251;3579;0.04228429319237341;0.10201025159668436;0.022131497003317076;0.007326654819055153;0.006351249373830326;0.009345124693402151;0.6999999999999998;0.030324542390641702;0.0027123745141817146;0.3662389914575624;0.80467;0.70755;1.00000
252;3594;0.04228429319237341;0.10201025159668436;0.022131497003317076;0.007326654819055153;0.006351249373830326;0.009345124693402151;0.6999999999999998;0.030324542390641702;0.0027123745141817146;0.3662389914575624;0.80467;0.70755;1.00000
253;3609;0.04228429319237341;0.10201025159668436;0.022131497003317076;0.007326654819055153;0.006351249373830326;0.009345124693402151;0.6999999999999998;0.030324542390641702;0.0027123745141817146;0.3662389914575624;0.80467;0.70755;1.00000
254;3624;0.04228429319237341;0.10201025159668436;0.022131497003317076;0.007326654819055153;0.006351249373830326;0.009345124693402151;0.6999999999999998;0.030324542390641702;0.0027123745141817146;0.3662389914575624;0.80467;0.70755;1.00000
255;3639;0.04228429319237341;0.10201025159668436;0.022131497003317076;0.007326654819055153;0.006351249373830326;0.009345124693402151;0.6999999999999998;0.030324542390641702;0.0027123745141817146;0.3662389914575624;0.80467;0.70755;1.00000
256;3654;0.04228429319237341;0.10201025159668436;0.022131497003317076;0.007326654819055153;0.006351249373830326;0.009345124693402151;0.6999999999999998;0.030324542390641702;0.0027123745141817146;0.3662389914575624;0.80467;0.70755;1.00000
257;3667;0.04228429319237341;0.10201025159668436;0.022131497003317076;0.007326654819055153;0.006351249373830326;0.009345124693402151;0.6999999999999998;0.030324542390641702;0.0027123745141817146;0.3662389914575624;0.80467;0.70755;1.00000
258;3680;0.02700123838421945;0.10201025159668436;0.022131497003317076;0.007326654819055153;0.006351249373830326;0.009345124693402151;0.6999999999999998;0.030324542390641702;0.0027123745141817146;0.3662389914575624;0.80467;0.70755;1.00000
259;3693;0.04228429319237341;0.10201025159668436;0.022131497003317076;0.007326654819055153;0.006351249373830326;0.009345124693402151;0.6999999999999998;0.030324542390641702;0.0027123745141817146;0.3662389914575624;0.80467;0.70755;1.00000
260;3707;0.04228429319237341;0.10201025159668436;0.022131497003317076;0.007326654819055153;0.006351249373830326;0.009345124693402151;0.6999999999999998;0.030324542390641702;0.0027123745141817146;0.3662389914575624;0.80467;0.70755;1.00000
261;3719;0.02700123838421945;0.10201025159668436;0.022131497003317076;0.007326654819055153;0.006351249373830326;0.009345124693402151;0.6999999999999998;0.030324542390641702;0.0027123745141817146;0.3662389914575624;0.80467;0.70755;1.00000
262;3733;0.04228429319237341;0.10201025159668436;0.022131497003317076;0.007326654819055153;0.006351249373830326;0.009345124693402151;0.6999999999999998;0.030324542390641702;0.0027123745141817146;0.3662389914575624;0.80467;0.70755;1.00000
263;3745;0.04228429319237341;0.10201025159668436;0.022131497003317076;0.007326654819055153;0.006351249373830326;0.009345124693402151;0.6999999999999998;0.030324542390641702;0.0027123745141817146;0.3662389914575624;0.80467;0.70755;1.00000
264;3757;0.04228429319237341;0.10201025159668436;0.022131497003317076;0.007326654819055153;0.006351249373830326;0.009345124693402151;0.6999999999999998;0.030324542390641702;0.0027123745141817146;0.3662389914575624;0.80467;0.70755;1.00000
265;3770;0.04228429319237341;0.10201025159668436;0.022131497003317076;0.007326654819055153;0.006351249373830326;0.009345124693402151;0.6999999999999998;0.030324542390641702;0.0027123745141817146;0.3662389914575624;0.80467;0.70755;1.00000
266;3784;0.04228429319237341;0.10201025159668436;0.022131497003317076;0.007326654819055153;0.006351249373830326;0.009345124693402151;0.6999999999999998;0.030324542390641702;0.0027123745141817146;0.3662389914575624;0.80467;0.70755;1.00000
267;3799;0.04228429319237341;0.10201025159668436;0.022131497003317076;0.007326654819055153;0.006351249373830326;0.009345124693402151;0.6999999999999998;0.030324542390641702;0.0027123745141817146;0.3662389914575624;0.80467;0.70755;1.00000
268;3812;0.04228429319237341;0.10201025159668436;0.022131497003317076;0.007326654819055153;0.006351249373830326;0.009345124693402151;0.6999999999999998;0.030324542390641702;0.0027123745141817146;0.3662389914575624;0.80467;0.70755;1.00000
269;3827;0.04228429319237341;0.10201025159668436;0.022131497003317076;0.007326654819055153;0.006351249373830326;0.009345124693402151;0.6999999999999998;0.030324542390641702;0.0027123745141817146;0.3662389914575624;0.80467;0.70755;1.00000
270;3842;0.04228429319237341;0.10201025159668436;0.022131497003317076;0.007326654819055153;0.006351249373830326;0.009345124693402151;0.6999999999999998;0.030324542390641702;0.0027123745141817146;0.3662389914575624;0.80467;0.70755;1.00000
271;3857;0.04228429319237341;0.10201025159668436;0.022131497003317076;0.007326654819055153;0.006351249373830326;0.009345124693402151;0.6999999999999998;0.030324542390641702;0.0027123745141817146;0.3662389914575624;0.80467;0.70755;1.00000
272;3871;0.04228429319237341;0.10201025159668436;0.022131497003317076;0.007326654819055153;0.006351249373830326;0.009345124693402151;0.6999999999999998;0.030324542390641702;0.0027123745141817146;0.3662389914575624;0.80467;0.70755;1.00000
273;3885;0.04228429319237341;0.10201025159668436;0.022131497003317076;0.007326654819055153;0.006351249373830326;0.009345124693402151;0.6999999999999998;0.030324542390641702;0.0027123745141817146;0.3662389914575624;0.80467;0.70755;1.00000
274;3899;0.04228429319237341;0.10201025159668436;0.022131497003317076;0.007326654819055153;0.006351249373830326;0.009345124693402151;0.6999999999999998;0.030324542390641702;0.0027123745141817146;0.3662389914575624;0.80467;0.70755;1.00000
275;3912;0.04228429319237341;0.10201025159668436;0.022131497003317076;0.007326654819055153;0.006351249373830326;0.009345124693402151;0.6999999999999998;0.030324542390641702;0.0027123745141817146;0.3662389914575624;0.80467;0.70755;1.00000
276;3925;0.04228429319237341;0.10201025159668436;0.022131497003317076;0.007326654819055153;0.006351249373830326;0.009345124693402151;0.6999999999999998;0.030324542390641702;0.0027123745141817146;0.3662389914575624;0.80467;0.70755;1.00000
277;3940;0.04228429319237341;0.013330520067049517;0.022131497003317076;0.007326654819055153;0.006351249373830326;0.009345124693402151;0.6999999999999998;0.030324542390641702;0.0027123745141817146;0.3662389914575624;0.80807;0.71404;1.00000
278;3952;0.04228429319237341;0.013330520067049517;0.022131497003317076;0.007326654819055153;0.006351249373830326;0.009345124693402151;0.6999999999999998;0.030324542390641702;0.0027123745141817146;0.3662389914575624;0.80807;0.71404;1.00000
279;3967;0.04228429319237341;0.013330520067049517;0.022131497003317076;0.007326654819055153;0.006351249373830326;0.009345124693402151;0.6999999999999998;0.030324542390641702;0.0027123745141817146;0.3662389914575624;0.80807;0.71404;1.00000
280;3979;0.04228429319237341;0.013330520067049517;0.022131497003317076;0.007326654819055153;0.006351249373830326;0.009345124693402151;0.6999999999999998;0.030324542390641702;0.0027123745141817146;0.3662389914575624;0.80807;0.71404;1.00000
281;3993;0.04228429319237341;0.013330520067049517;0.022131497003317076;0.007326654819055153;0.006351249373830326;0.009345124693402151;0.6999999999999998;0.030324542390641702;0.0027123745141817146;0.3662389914575624;0.80807;0.71404;1.00000
282;4007;0.04228429319237341;0.013330520067049517;0.022131497003317076;0.007326654819055153;0.006351249373830326;0.009345124693402151;0.6999999999999998;0.030324542390641702;0.0027123745141817146;0.3662389914575624;0.80807;0.71404;1.00000
283;4020;0.04228429319237341;0.013330520067049517;0.022131497003317076;0.007326654819055153;0.006351249373830326;0.009345124693402151;0.6999999999999998;0.030324542390641702;0.0027123745141817146;0.3662389914575624;0.80807;0.71404;1.00000
284;4035;0.04228429319237341;0.013330520067049517;0.022131497003317076;0.007326654819055153;0.006351249373830326;0.009345124693402151;0.6999999999999998;0.030324542390641702;0.0027123745141817146;0.3662389914575624;0.80807;0.71404;1.00000
285;4049;0.04228429319237341;0.013330520067049517;0.022131497003317076;0.007326654819055153;0.006351249373830326;0.009345124693402151;0.6999999999999998;0.030324542390641702;0.0027123745141817146;0.3662389914575624;0.80807;0.71404;1.00000
286;4064;0.04228429319237341;0.013330520067049517;0.022131497003317076;0.007326654819055153;0.006351249373830326;0.009345124693402151;0.6999999999999998;0.030324542390641702;0.0027123745141817146;0.3662389914575624;0.80807;0.71404;1.00000
287;4076;0.04228429319237341;0.013330520067049517;0.022131497003317076;0.007326654819055153;0.006351249373830326;0.009345124693402151;0.6999999999999998;0.030324542390641702;0.0027123745141817146;0.3662389914575624;0.80807;0.71404;1.00000
288;4090;0.04228429319237341;0.013330520067049517;0.022131497003317076;0.007326654819055153;0.006351249373830326;0.009345124693402151;0.6999999999999998;0.030324542390641702;0.0027123745141817146;0.3662389914575624;0.80807;0.71404;1.00000
289;4104;0.04228429319237341;0.013330520067049517;0.022131497003317076;0.007326654819055153;0.006351249373830326;0.009345124693402151;0.6999999999999998;0.030324542390641702;0.0027123745141817146;0.3662389914575624;0.80807;0.71404;1.00000
290;4118;0.04228429319237341;0.013330520067049517;0.022131497003317076;0.007326654819055153;0.006351249373830326;0.009345124693402151;0.6999999999999998;0.030324542390641702;0.0027123745141817146;0.3662389914575624;0.80807;0.71404;1.00000
291;4132;0.04228429319237341;0.013330520067049517;0.022131497003317076;0.007326654819055153;0.006351249373830326;0.009345124693402151;0.6999999999999998;0.030324542390641702;0.0027123745141817146;0.3662389914575624;0.80807;0.71404;1.00000
292;4147;0.04228429319237341;0.013330520067049517;0.022131497003317076;0.007326654819055153;0.006351249373830326;0.009345124693402151;0.6999999999999998;0.030324542390641702;0.0027123745141817146;0.3662389914575624;0.80807;0.71404;1.00000
293;4160;0.04228429319237341;0.013330520067049517;0.022131497003317076;0.007326654819055153;0.006351249373830326;0.009345124693402151;0.6999999999999998;0.030324542390641702;0.0027123745141817146;0.3662389914575624;0.80807;0.71404;1.00000
294;4173;0.04228429319237341;0.013330520067049517;0.022131497003317076;0.007326654819055153;0.006351249373830326;0.009345124693402151;0.6999999999999998;0.030324542390641702;0.0027123745141817146;0.21361320420705956;0.80807;0.71404;1.00000
295;4187;0.04228429319237341;0.013330520067049517;0.022131497003317076;0.007326654819055153;0.006351249373830326;0.009345124693402151;0.6999999999999998;0.030324542390641702;0.0027123745141817146;0.3662389914575624;0.80807;0.71404;1.00000
296;4202;0.04228429319237341;0.013330520067049517;0.022131497003317076;0.007326654819055153;0.006351249373830326;0.009345124693402151;0.6999999999999998;0.030324542390641702;0.0027123745141817146;0.3662389914575624;0.80807;0.71404;1.00000
297;4216;0.04228429319237341;0.013330520067049517;0.022131497003317076;0.007326654819055153;0.006351249373830326;0.009345124693402151;0.6999999999999998;0.030324542390641702;0.0027123745141817146;0.3662389914575624;0.80807;0.71404;1.00000
298;4231;0.04228429319237341;0.013330520067049517;0.022131497003317076;0.007326654819055153;0.006351249373830326;0.009345124693402151;0.6999999999999998;0.030324542390641702;0.0027123745141817146;0.21361320420705956;0.80807;0.71404;1.00000
299;4245;0.04228429319237341;0.013330520067049517;0.022131497003317076;0.007326654819055153;0.006351249373830326;0.009345124693402151;0.6999999999999998;0.030324542390641702;0.0027123745141817146;0.3662389914575624;0.80807;0.71404;1.00000
300;4258;0.04228429319237341;0.013330520067049517;0.022131497003317076;0.007326654819055153;0.006351249373830326;0.009345124693402151;0.6999999999999998;0.030324542390641702;0.0027123745141817146;0.3662389914575624;0.80807;0.71404;1.00000
301;4272;0.04228429319237341;0.013330520067049517;0.022131497003317076;0.007326654819055153;0.006351249373830326;0.009345124693402151;0.6999999999999998;0.030324542390641702;0.0027123745141817146;0.21361320420705956;0.80807;0.71404;1.00000
302;4286;0.04228429319237341;0.013330520067049517;0.022131497003317076;0.007326654819055153;0.006351249373830326;0.009345124693402151;0.6999999999999998;0.030324542390641702;0.0027123745141817146;0.3662389914575624;0.80807;0.71404;1.00000
303;4298;0.04228429319237341;0.013330520067049517;0.022131497003317076;0.007326654819055153;0.006351249373830326;0.009345124693402151;0.6999999999999998;0.030324542390641702;0.0027123745141817146;0.21361320420705956;0.80807;0.71404;1.00000
304;4313;0.04228429319237341;0.013330520067049517;0.022131497003317076;0.007326654819055153;0.006351249373830326;0.009345124693402151;0.6999999999999998;0.030324542390641702;0.0027123745141817146;0.3662389914575624;0.80807;0.71404;1.00000
305;4328;0.04228429319237341;0.013330520067049517;0.022131497003317076;0.007326654819055153;0.006351249373830326;0.009345124693402151;0.6999999999999998;0.030324542390641702;0.0027123745141817146;0.4918071589477071;0.80807;0.71404;1.00000
306;4343;0.04228429319237341;0.013330520067049517;0.022131497003317076;0.007326654819055153;0.006351249373830326;0.009345124693402151;0.6999999999999998;0.030324542390641702;0.0027123745141817146;0.3662389914575624;0.80807;0.71404;1.00000
307;4356;0.04228429319237341;0.013330520067049517;0.022131497003317076;0.007326654819055153;0.006351249373830326;0.009345124693402151;0.6999999999999998;0.030324542390641702;0.0027123745141817146;0.3662389914575624;0.80807;0.71404;1.00000
308;4370;0.04228429319237341;0.013330520067049517;0.022131497003317076;0.007326654819055153;0.006351249373830326;0.009345124693402151;0.6999999999999998;0.030324542390641702;0.0027123745141817146;0.3662389914575624;0.80807;0.71404;1.00000
309;4385;0.04228429319237341;0.013330520067049517;0.022131497003317076;0.007326654819055153;0.006351249373830326;0.009345124693402151;0.6999999999999998;0.030324542390641702;0.0027123745141817146;0.3096949239550392;0.80807;0.71404;1.00000
310;4400;0.04228429319237341;0.013330520067049517;0.022131497003317076;0.007326654819055153;0.006351249373830326;0.009345124693402151;0.6999999999999998;0.018254678947610653;0.0027123745141817146;0.3438035082994162;0.80824;0.71415;1.00000
311;4414;0.04228429319237341;0.013330520067049517;0.022131497003317076;0.007326654819055153;0.006351249373830326;0.009345124693402151;0.6999999999999998;0.018254678947610653;0.0027123745141817146;0.3438035082994162;0.80824;0.71415;1.00000
312;4427;0.04228429319237341;0.013330520067049517;0.022131497003317076;0.007326654819055153;0.006351249373830326;0.009345124693402151;0.6999999999999998;0.018254678947610653;0.0027123745141817146;0.3438035082994162;0.80824;0.71415;1.00000
313;4442;0.04228429319237341;0.013330520067049517;0.022131497003317076;0.007326654819055153;0.006351249373830326;0.009345124693402151;0.6999999999999998;0.018254678947610653;0.0027123745141817146;0.3438035082994162;0.80824;0.71415;1.00000
314;4455;0.04228429319237341;0.013330520067049517;0.022131497003317076;0.007326654819055153;0.006351249373830326;0.009345124693402151;0.6999999999999998;0.018254678947610653;0.0027123745141817146;0.3438035082994162;0.80824;0.71415;1.00000
315;4469;0.04228429319237341;0.013330520067049517;0.022131497003317076;0.007326654819055153;0.006351249373830326;0.009345124693402151;0.6999999999999998;0.018254678947610653;0.0027123745141817146;0.3438035082994162;0.80824;0.71415;1.00000
316;4484;0.04228429319237341;0.013330520067049517;0.022131497003317076;0.007326654819055153;0.006351249373830326;0.009345124693402151;0.6999999999999998;0.018254678947610653;0.0027123745141817146;0.3438035082994162;0.80824;0.71415;1.00000
317;4497;0.04228429319237341;0.013330520067049517;0.022131497003317076;0.007326654819055153;0.006351249373830326;0.009345124693402151;0.6999999999999998;0.018254678947610653;0.0027123745141817146;0.3438035082994162;0.80824;0.71415;1.00000
318;4512;0.04228429319237341;0.013330520067049517;0.022131497003317076;0.007326654819055153;0.006351249373830326;0.009345124693402151;0.6999999999999998;0.018254678947610653;0.0027123745141817146;0.3438035082994162;0.80824;0.71415;1.00000
319;4526;0.04228429319237341;0.013330520067049517;0.022131497003317076;0.007326654819055153;0.006351249373830326;0.009345124693402151;0.6999999999999998;0.018254678947610653;0.0027123745141817146;0.3438035082994162;0.80824;0.71415;1.00000
320;4541;0.04228429319237341;0.013330520067049517;0.022131497003317076;0.007326654819055153;0.006351249373830326;0.009345124693402151;0.6999999999999998;0.018254678947610653;0.0027123745141817146;0.3438035082994162;0.80824;0.71415;1.00000
321;4555;0.04228429319237341;0.013330520067049517;0.022131497003317076;0.007326654819055153;0.006351249373830326;0.009345124693402151;0.6999999999999998;0.018254678947610653;0.0027123745141817146;0.3438035082994162;0.80824;0.71415;1.00000
322;4569;0.04228429319237341;0.013330520067049517;0.022131497003317076;0.007326654819055153;0.006351249373830326;0.009345124693402151;0.6999999999999998;0.018254678947610653;0.0027123745141817146;0.3438035082994162;0.80824;0.71415;1.00000
323;4582;0.04228429319237341;0.013330520067049517;0.022131497003317076;0.007326654819055153;0.006351249373830326;0.009345124693402151;0.6999999999999998;0.018254678947610653;0.0027123745141817146;0.3438035082994162;0.80824;0.71415;1.00000
324;4595;0.04228429319237341;0.013330520067049517;0.022131497003317076;0.007326654819055153;0.006351249373830326;0.009345124693402151;0.6999999999999998;0.018254678947610653;0.0027123745141817146;0.3438035082994162;0.80824;0.71415;1.00000
325;4609;0.04228429319237341;0.013330520067049517;0.022131497003317076;0.007326654819055153;0.006351249373830326;0.009345124693402151;0.6999999999999998;0.018254678947610653;0.0027123745141817146;0.3438035082994162;0.80824;0.71415;1.00000
326;4624;0.04228429319237341;0.013330520067049517;0.022131497003317076;0.007326654819055153;0.006351249373830326;0.009345124693402151;0.6999999999999998;0.018254678947610653;0.0027123745141817146;0.3438035082994162;0.80824;0.71415;1.00000
327;4638;0.04228429319237341;0.013330520067049517;0.022131497003317076;0.007326654819055153;0.006351249373830326;0.009345124693402151;0.6999999999999998;0.018254678947610653;0.0027123745141817146;0.3438035082994162;0.80824;0.71415;1.00000
328;4652;0.04228429319237341;0.013330520067049517;0.022131497003317076;0.007326654819055153;0.006351249373830326;0.009345124693402151;0.6999999999999998;0.018254678947610653;0.0027123745141817146;0.3438035082994162;0.80824;0.71415;1.00000
329;4666;0.04228429319237341;0.013330520067049517;0.022131497003317076;0.007326654819055153;0.006351249373830326;0.009345124693402151;0.6999999999999998;0.018254678947610653;0.0027123745141817146;0.3438035082994162;0.80824;0.71415;1.00000
330;4681;0.04228429319237341;0.013330520067049517;0.022131497003317076;0.007326654819055153;0.006351249373830326;0.009345124693402151;0.6999999999999998;0.018254678947610653;0.0027123745141817146;0.35233180844824924;0.80824;0.71415;1.00000
331;4694;0.04228429319237341;0.013330520067049517;0.022131497003317076;0.007326654819055153;0.006351249373830326;0.009345124693402151;0.6999999999999998;0.018254678947610653;0.06980671576607331;0.3438035082994162;0.80824;0.71415;1.00000
332;4707;0.04228429319237341;0.013330520067049517;0.022131497003317076;0.007326654819055153;0.006351249373830326;0.009345124693402151;0.6999999999999998;0.018254678947610653;0.0027123745141817146;0.37832054368802376;0.80824;0.71415;1.00000
333;4722;0.04228429319237341;0.013330520067049517;0.022131497003317076;0.007326654819055153;0.006351249373830326;0.009345124693402151;0.6999999999999998;0.018254678947610653;0.0027123745141817146;0.3438035082994162;0.80824;0.71415;1.00000
334;4737;0.04228429319237341;0.013330520067049517;0.022131497003317076;0.007326654819055153;0.006351249373830326;0.009345124693402151;0.6999999999999998;0.018254678947610653;0.06980671576607331;0.3438035082994162;0.80824;0.71415;1.00000
335;4752;0.04228429319237341;0.013330520067049517;0.022131497003317076;0.007326654819055153;0.006351249373830326;0.009345124693402151;0.6999999999999998;0.018254678947610653;0.06980671576607331;0.3438035082994162;0.80824;0.71415;1.00000
336;4767;0.04228429319237341;0.013330520067049517;0.022131497003317076;0.007326654819055153;0.006351249373830326;0.009345124693402151;0.6999999999999998;0.018254678947610653;0.06980671576607331;0.3438035082994162;0.80824;0.71415;1.00000
337;4782;0.04228429319237341;0.013330520067049517;0.022131497003317076;0.007326654819055153;0.006351249373830326;0.009345124693402151;0.6999999999999998;0.018254678947610653;0.0027123745141817146;0.3438035082994162;0.80824;0.71415;1.00000
338;4797;0.04228429319237341;0.013330520067049517;0.022131497003317076;0.007326654819055153;0.006351249373830326;0.009345124693402151;0.6999999999999998;0.018254678947610653;0.0027123745141817146;0.36612442941922985;0.80824;0.71415;1.00000
339;4812;0.04228429319237341;0.013330520067049517;0.022131497003317076;0.007326654819055153;0.006351249373830326;0.009345124693402151;0.6999999999999998;0.018254678947610653;0.06980671576607331;0.3438035082994162;0.80824;0.71415;1.00000
340;4826;0.04228429319237341;0.013330520067049517;0.022131497003317076;0.007326654819055153;0.006351249373830326;0.009345124693402151;0.6999999999999998;0.018254678947610653;0.0027123745141817146;0.3438035082994162;0.80824;0.71415;1.00000
341;4840;0.04228429319237341;0.013330520067049517;0.022131497003317076;0.007326654819055153;0.006351249373830326;0.009345124693402151;0.6999999999999998;0.018254678947610653;0.0027123745141817146;0.37832054368802376;0.80824;0.71415;1.00000
342;4855;0.04228429319237341;0.013330520067049517;0.022131497003317076;0.007326654819055153;0.006351249373830326;0.009345124693402151;0.6999999999999998;0.018254678947610653;0.0027123745141817146;0.36612442941922985;0.80824;0.71415;1.00000
343;4869;0.04228429319237341;0.013330520067049517;0.022131497003317076;0.007326654819055153;0.006351249373830326;0.009345124693402151;0.6999999999999998;0.018254678947610653;0.06980671576607331;0.3438035082994162;0.80824;0.71415;1.00000
344;4881;0.04228429319237341;0.013330520067049517;0.022131497003317076;0.007326654819055153;0.006351249373830326;0.009345124693402151;0.6999999999999998;0.018254678947610653;0.0027123745141817146;0.36612442941922985;0.80824;0.71415;1.00000
345;4895;0.04228429319237341;0.013330520067049517;0.022131497003317076;0.007326654819055153;0.006351249373830326;0.009345124693402151;0.6999999999999998;0.018254678947610653;0.0027123745141817146;0.36612442941922985;0.80824;0.71415;1.00000
346;4909;0.04228429319237341;0.013330520067049517;0.022131497003317076;0.007326654819055153;0.006351249373830326;0.009345124693402151;0.6999999999999998;0.018254678947610653;0.06980671576607331;0.3438035082994162;0.80824;0.71415;1.00000
347;4923;0.04228429319237341;0.013330520067049517;0.022131497003317076;0.007326654819055153;0.006351249373830326;0.009345124693402151;0.6999999999999998;0.018254678947610653;0.0027123745141817146;0.36612442941922985;0.80824;0.71415;1.00000
348;4938;0.04228429319237341;0.013330520067049517;0.022131497003317076;0.007326654819055153;0.006351249373830326;0.009345124693402151;0.6999999999999998;0.018254678947610653;0.0027123745141817146;0.3438035082994162;0.80824;0.71415;1.00000
349;4952;0.04228429319237341;0.013330520067049517;0.022131497003317076;0.007326654819055153;0.006351249373830326;0.009345124693402151;0.6999999999999998;0.018254678947610653;0.0027123745141817146;0.36612442941922985;0.80824;0.71415;1.00000
350;4965;0.04228429319237341;0.013330520067049517;0.022131497003317076;0.007326654819055153;0.006351249373830326;0.009345124693402151;0.6999999999999998;0.018254678947610653;0.0027123745141817146;0.36612442941922985;0.80824;0.71415;1.00000
351;4979;0.04228429319237341;0.013330520067049517;0.022131497003317076;0.007326654819055153;0.006351249373830326;0.009345124693402151;0.6999999999999998;0.018254678947610653;0.06980671576607331;0.28279062513432746;0.80824;0.71415;1.00000
352;4992;0.04228429319237341;0.013330520067049517;0.022131497003317076;0.007326654819055153;0.006351249373830326;0.009345124693402151;0.6999999999999998;0.018254678947610653;0.0027123745141817146;0.36612442941922985;0.80824;0.71415;1.00000
353;5007;0.04228429319237341;0.013330520067049517;0.022131497003317076;0.007326654819055153;0.006351249373830326;0.009345124693402151;0.6999999999999998;0.018254678947610653;0.0027123745141817146;0.36612442941922985;0.80824;0.71415;1.00000
