01.03.2023;18:14:53.220;0.0488210432231426;3.99896161979e-05;-5.34289683855e-05;-0.0008728020475246;3.660129266336298e-07;Idle
01.03.2023;18:14:59.723;1.1821926904076466e-07;0.0995619744062423;-5.34289683855e-05;-0.0008728020475246;3.660129266336298e-07;Start
01.03.2023;18:15:03.656;0.9991961121559144;0.1999569237232208;-5.34289683855e-05;-0.0008728020475246;3.660129266336298e-07;Adjust
01.03.2023;18:15:08.825;1.5987123250961304;1.499350666999817;-0.1196544170379638;-0.0008728020475246;1.4835301637649536;DriveDown
01.03.2023;18:15:13.409;1.5987123250961304;1.499350666999817;-0.1196544170379638;-0.0008728020475246;-0.3926986753940582;PickUp
01.03.2023;18:15:15.359;1.5987123250961304;1.3160207271575928;-0.1196544170379638;-0.0008728020475246;-0.3926986753940582;Lift
01.03.2023;18:15:18.628;3.0979561805725098;1.3989557027816772;-1.5490849018096924;-1.4992371797561646;-0.3926986753940582;Forwarding
01.03.2023;18:15:23.213;3.0979561805725098;1.3989557027816772;-1.5490849018096924;-1.4992371797561646;1.4660773277282717;Release
01.03.2023;18:17:47.036;0.0034774683881551;0.0002414286718703;-0.0002943246799986;-0.0008728232351131;1.2582859199e-06;Idle
01.03.2023;18:17:54.888;0.0008718835306353;0.0997634306550026;-0.0002943246799986;-0.0008728232351131;1.2582859199e-06;Start
01.03.2023;18:18:01.357;0.9991946220397948;0.1992854326963424;-0.0002943246799986;-0.0008728232351131;1.2582859199e-06;Adjust
01.03.2023;18:18:05.909;1.5987107753753662;1.4995523691177368;-0.1198953166604042;-0.0008728232351131;1.4748046398162842;DriveDown
01.03.2023;18:18:09.810;1.5987107753753662;1.4995523691177368;-0.1198953166604042;-0.0008728232351131;-0.3926976919174194;PickUp
01.03.2023;18:18:11.110;1.5987107753753662;1.3153493404388428;-0.1198953166604042;-0.0008728232351131;-0.3926976919174194;Lift
01.03.2023;18:18:14.328;3.097954273223877;1.3991574048995972;-1.5493192672729492;-1.499236822128296;-0.3926976919174194;Forwarding
01.03.2023;18:18:18.931;3.097954273223877;1.3991574048995972;-1.5493192672729492;-1.499236822128296;1.4660781621932983;Release
01.03.2023;18:21:51.138;0.0008712392300367;0.0005238922894932;-0.0006361107225529;-0.0008716405718587;2.4524451873e-06;Idle
01.03.2023;18:21:54.997;0.0008712392300367;0.099172867834568;-0.0006361107225529;-0.0008716405718587;2.4524451873e-06;Start
01.03.2023;18:21:58.896;0.9991942048072816;0.1995678395032882;-0.0006361107225529;-0.0008716405718587;2.4524451873e-06;Adjust
01.03.2023;18:22:03.466;1.5987104177474976;1.4989614486694336;-0.1193640977144241;-0.0008716405718587;1.4398990869522097;DriveDown
01.03.2023;18:22:08.667;1.5987104177474976;1.4989614486694336;-0.1193640977144241;-0.0008716405718587;-0.3926965296268463;PickUp
01.03.2023;18:22:10.618;1.5987104177474976;1.3156315088272097;-0.1193640977144241;-0.0008716405718587;-0.3926965296268463;Lift
01.03.2023;18:22:13.869;3.097954034805298;1.3994394540786743;-1.5487947463989258;-1.49923574924469;-0.3926965296268463;Forwarding
01.03.2023;18:22:19.121;3.097954034805298;1.3994394540786743;-1.5487947463989258;-1.49923574924469;1.4660793542861938;Release
01.03.2023;18:36:34.081;0.0008702208288013;0.0006562885828316;-0.0001713165111141;-1.3921209074e-06;4.4297912609e-06;Idle
01.03.2023;18:36:39.934;0.0008702208288013;0.0993052795529365;-0.0001713165111141;-1.3921209074e-06;4.4297912609e-06;Start
01.03.2023;18:36:47.136;0.9991931915283204;0.1997002810239792;-0.0001713165111141;-1.3921209074e-06;4.4297912609e-06;Adjust
01.03.2023;18:36:51.620;1.5987093448638916;1.4990941286087036;-0.1197723150253295;-1.3921209074e-06;1.4835340976715088;DriveDown
01.03.2023;18:36:56.172;1.5987093448638916;1.4990941286087036;-0.1197723150253295;-1.3921209074e-06;-0.3926946818828583;PickUp
01.03.2023;18:36:57.475;1.5987093448638916;1.31576406955719;-0.1197723150253295;-1.3921209074e-06;-0.3926946818828583;Lift
01.03.2023;18:37:00.724;3.0979533195495605;1.3995721340179443;-1.5491963624954224;-1.4992386102676392;-0.3926946818828583;Forwarding
01.03.2023;18:37:05.258;3.0979533195495605;1.3995721340179443;-1.5491963624954224;-1.4992386102676392;1.4660812616348269;Release
01.03.2023;18:44:18.924;0.0924393162131309;0.0001854931033449;-0.0006612159195356;-2.3940103801e-06;4.296008683e-06;Idle
01.03.2023;18:44:26.777;0.0008682186016812;0.0997074916958808;-0.0006612159195356;-2.3940103801e-06;4.296008683e-06;Start
01.03.2023;18:44:29.944;0.8447976112365723;0.1992294639348983;-0.0006612159195356;-2.3940103801e-06;4.296008683e-06;Adjust
01.03.2023;18:44:35.164;1.5987074375152588;1.4994964599609375;-0.1193892136216163;-2.3940103801e-06;1.4835342168807983;DriveDown
01.03.2023;18:44:39.703;1.5987074375152588;1.4994964599609375;-0.1193892136216163;-2.3940103801e-06;-0.3839678764343261;PickUp
01.03.2023;18:44:41.067;1.5987074375152588;1.3152934312820437;-0.1193892136216163;-2.3940103801e-06;-0.3926944732666015;Lift
01.03.2023;18:44:44.287;3.0979511737823486;1.3991013765335083;-1.5488197803497314;-1.499239444732666;-0.3926944732666015;Forwarding
01.03.2023;18:44:48.837;3.0979511737823486;1.3991013765335083;-1.5488197803497314;-1.499239444732666;1.4660812616348269;Release
01.03.2023;18:46:03.035;0.0034724702127277;0.0003062115283682;-0.0008229517261497;-3.1151928396e-06;4.1172424971e-06;Idle
01.03.2023;18:46:10.849;0.000866885355208;0.0998282060027122;-0.0008229517261497;-3.1151928396e-06;4.1172424971e-06;Start
01.03.2023;18:46:17.386;0.9991899132728576;0.1993502080440521;-0.0008229517261497;-3.1151928396e-06;4.1172424971e-06;Adjust
01.03.2023;18:46:21.904;1.5987061262130735;1.498744249343872;-0.1195509582757949;-3.1151928396e-06;1.4311742782592771;DriveDown
01.03.2023;18:46:27.123;1.5987061262130735;1.498744249343872;-0.1195509582757949;-3.1151928396e-06;-0.3926946222782135;PickUp
01.03.2023;18:46:29.040;1.5987061262130735;1.315414309501648;-0.1195509582757949;-3.1151928396e-06;-0.3926946222782135;Lift
01.03.2023;18:46:32.308;3.097949981689453;1.3992223739624023;-1.5489816665649414;-1.4992400407791138;-0.3926946222782135;Forwarding
01.03.2023;18:46:36.860;3.097949981689453;1.3992223739624023;-1.5489816665649414;-1.4992400407791138;1.4660807847976685;Release
01.03.2023;18:49:33.294;0.0008655188139528;0.0005479912506416;-0.0002454540226608;-4.1403450268e-06;6.1430991991e-06;Idle
01.03.2023;18:49:39.798;0.0008655188139528;0.0991969779133796;-0.0002454540226608;-4.1403450268e-06;6.1430991991e-06;Start
01.03.2023;18:49:46.266;0.9991884231567384;0.1995919644832611;-0.0002454540226608;-4.1403450268e-06;6.1430991991e-06;Adjust
01.03.2023;18:49:50.819;1.5987045764923096;1.4989858865737915;-0.1198464632034301;-4.1403450268e-06;1.4748092889785769;DriveDown
01.03.2023;18:49:54.719;1.5987045764923096;1.4989858865737915;-0.1198464632034301;-4.1403450268e-06;-0.3926926553249359;PickUp
01.03.2023;18:49:56.002;1.5987045764923096;1.3156558275222778;-0.1198464632034301;-4.1403450268e-06;-0.3926926553249359;Lift
01.03.2023;18:49:59.253;3.0979483127593994;1.399463772773743;-1.549270510673523;-1.4992414712905884;-0.3926926553249359;Forwarding
01.03.2023;18:50:03.790;3.0979483127593994;1.399463772773743;-1.549270510673523;-1.4992414712905884;1.4660836458206177;Release
01.03.2023;18:52:20.943;0.0008629933581687;0.0007487618131563;-0.0004806879442185;-5.267047527e-06;7.6603173511e-06;Idle
01.03.2023;18:52:27.493;0.0008629933581687;0.0993977487087249;-0.0004806879442185;-5.267047527e-06;7.6603173511e-06;Start
01.03.2023;18:52:33.979;0.9991859793663024;0.1997927576303482;-0.0004806879442185;-5.267047527e-06;7.6603173511e-06;Adjust
01.03.2023;18:52:38.519;1.5987021923065186;1.499186635017395;-0.1192086935043335;-5.267047527e-06;1.4486312866210938;DriveDown
01.03.2023;18:52:54.773;1.5987021923065186;1.499186635017395;-0.1192086935043335;-5.267047527e-06;-0.3926909863948822;PickUp
01.03.2023;18:52:56.772;1.5987021923065186;1.315856695175171;-0.1192086935043335;-5.267047527e-06;-0.3926909863948822;Lift
01.03.2023;18:52:59.990;3.0979459285736084;1.3987916707992554;-1.5495054721832275;-1.4992425441741943;-0.3926909863948822;Forwarding
01.03.2023;18:53:04.576;3.0979459285736084;1.3987916707992554;-1.5495054721832275;-1.4992425441741943;1.4573580026626587;Release
01.03.2023;18:53:08.492;0.0008625951013527;0.0007891176501289;-0.0005273920833133;-5.479594165e-06;7.8653829405e-06;Idle
01.03.2023;18:53:15.645;0.0008625951013527;0.0994381159543991;-0.0005273920833133;-5.479594165e-06;7.8653829405e-06;Start
01.03.2023;18:53:22.285;0.95908784866333;0.1998331248760223;-0.0005273920833133;-5.479594165e-06;7.8653829405e-06;Adjust
01.03.2023;18:53:26.932;1.5987014770507812;1.4992268085479736;-0.1192554086446762;-5.479594165e-06;1.4835377931594849;DriveDown
01.03.2023;18:53:30.803;1.5987014770507812;1.4992268085479736;-0.1192554086446762;-5.479594165e-06;-0.3926911056041717;PickUp
01.03.2023;18:53:32.119;1.5987014770507812;1.31589674949646;-0.1192554086446762;-5.479594165e-06;-0.3926911056041717;Lift
01.03.2023;18:53:35.353;3.097945213317871;1.3988317251205444;-1.5486857891082764;-1.499242901802063;-0.3926911056041717;Forwarding
01.03.2023;18:53:39.904;3.097945213317871;1.3988317251205444;-1.5486857891082764;-1.499242901802063;1.466084599494934;Release
01.03.2023;18:56:30.966;0.000860433850903;0.0001560075761517;-0.0008492416236549;-6.9141551648e-06;8.6411091615e-06;Idle
01.03.2023;18:56:37.539;0.000860433850903;0.0996780097484588;-0.0008492416236549;-6.9141551648e-06;8.6411091615e-06;Start
01.03.2023;18:56:44.059;0.8866736888885498;0.1992000043392181;-0.0008492416236549;-6.9141551648e-06;8.6411091615e-06;Adjust
01.03.2023;18:56:49.310;1.5986995697021484;1.4994667768478394;-0.1195772588253021;-6.9141551648e-06;1.483538269996643;DriveDown
01.03.2023;18:57:02.315;1.5986995697021484;1.4994667768478394;-0.1195772588253021;-6.9141551648e-06;-0.3926907181739807;PickUp
01.03.2023;18:57:04.249;1.5986995697021484;1.3161367177963257;-0.1195772588253021;-6.9141551648e-06;-0.3926907181739807;Lift
01.03.2023;18:57:07.487;3.097943067550659;1.3990718126296997;-1.549007773399353;-1.4992440938949585;-0.3926907181739807;Forwarding
01.03.2023;18:57:12.036;3.097943067550659;1.3990718126296997;-1.549007773399353;-1.4992440938949585;1.4660849571228027;Release
01.03.2023;19:00:41.514;0.0008578310953453;0.000438700633822;-0.0003250331210438;-7.6080091275e-06;7.9110222941e-06;Idle
01.03.2023;19:00:45.386;0.0008578310953453;0.0999606996774673;-0.0003250331210438;-7.6080091275e-06;7.9110222941e-06;Start
01.03.2023;19:00:51.920;0.9991806745529176;0.199482649564743;-0.0003250331210438;-7.6080091275e-06;7.9110222941e-06;Adjust
01.03.2023;19:00:56.455;1.5986969470977783;1.4988765716552734;-0.1199260354042053;-7.6080091275e-06;1.4835377931594849;DriveDown
01.03.2023;19:01:00.306;1.5986969470977783;1.4988765716552734;-0.1199260354042053;-7.6080091275e-06;-0.3926908373832702;PickUp
01.03.2023;19:01:01.622;1.5986969470977783;1.3155465126037598;-0.1199260354042053;-7.6080091275e-06;-0.3926908373832702;Lift
01.03.2023;19:01:04.890;3.097940683364868;1.3993545770645142;-1.549350023269653;-1.4992449283599854;-0.3926908373832702;Forwarding
01.03.2023;19:01:09.426;3.097940683364868;1.3993545770645142;-1.549350023269653;-1.4992449283599854;1.4660849571228027;Release
01.03.2023;19:09:01.988;0.0008554515661671;0.0001676657266216;-0.0002170133375329;-9.2421187218e-06;7.8430957728e-06;Idle
01.03.2023;19:09:05.924;0.0008554515661671;0.0996896624565124;-0.0002170133375329;-9.2421187218e-06;7.8430957728e-06;Start
01.03.2023;19:09:12.475;0.9991781711578368;0.1992116719484329;-0.0002170133375329;-9.2421187218e-06;7.8430957728e-06;Adjust
01.03.2023;19:09:17.629;1.5986944437026978;1.4994786977767944;-0.1198180094361305;-9.2421187218e-06;1.483537673950195;DriveDown
01.03.2023;19:09:22.164;1.5986944437026978;1.4994786977767944;-0.1198180094361305;-9.2421187218e-06;-0.3926913440227508;PickUp
01.03.2023;19:09:24.131;1.5986944437026978;1.3161486387252808;-0.1198180094361305;-9.2421187218e-06;-0.3926913440227508;Lift
01.03.2023;19:09:27.403;3.097937822341919;1.3990837335586548;-1.5492417812347412;-1.49924635887146;-0.3926913440227508;Forwarding
01.03.2023;19:09:31.934;3.097937822341919;1.3990837335586548;-1.5492417812347412;-1.49924635887146;1.4660842418670654;Release
01.03.2023;19:15:14.964;0.0008545164600946;0.000610772985965;-0.0007682882715016;-9.3986127467e-06;3.8039706851e-06;Idle
01.03.2023;19:15:21.517;0.0008545164600946;0.0992597639560699;-0.0007682882715016;-9.3986127467e-06;3.8039706851e-06;Start
01.03.2023;19:15:27.989;0.9991771578788756;0.1996547579765319;-0.0007682882715016;-9.3986127467e-06;3.8039706851e-06;Adjust
01.03.2023;19:15:32.554;1.5986934900283811;1.4990484714508057;-0.1194962859153747;-9.3986127467e-06;1.4835330247879028;DriveDown
01.03.2023;19:15:36.456;1.5986934900283811;1.4990484714508057;-0.1194962859153747;-9.3986127467e-06;-0.3926959037780761;PickUp
01.03.2023;19:15:37.739;1.5986934900283811;1.315718412399292;-0.1194962859153747;-9.3986127467e-06;-0.3926959037780761;Lift
01.03.2023;19:15:40.991;3.0979373455047607;1.3995263576507568;-1.548926830291748;-1.4992464780807495;-0.3926959037780761;Forwarding
01.03.2023;19:15:45.543;3.0979373455047607;1.3995263576507568;-1.548926830291748;-1.4992464780807495;1.466079592704773;Release
01.03.2023;19:16:24.542;0.0008545806631445;0.0006909567164257;-0.0008683908963575;-9.8869140856e-06;2.5847950837e-06;Idle
01.03.2023;19:16:27.792;0.0008545806631445;0.0993399396538734;-0.0008683908963575;-9.8869140856e-06;2.5847950837e-06;Start
01.03.2023;19:16:31.662;0.9991773962974548;0.1997349709272384;-0.0008683908963575;-9.8869140856e-06;2.5847950837e-06;Adjust
01.03.2023;19:16:36.896;1.5986937284469604;1.499129056930542;-0.119596391916275;-9.8869140856e-06;1.483532428741455;DriveDown
01.03.2023;19:16:41.447;1.5986937284469604;1.499129056930542;-0.119596391916275;-9.8869140856e-06;-0.3926964998245239;PickUp
01.03.2023;19:16:43.397;1.5986937284469604;1.315799117088318;-0.119596391916275;-9.8869140856e-06;-0.3926964998245239;Lift
01.03.2023;19:16:46.650;3.0979373455047607;1.3996071815490725;-1.5490268468856812;-1.4992470741271973;-0.3926964998245239;Forwarding
01.03.2023;19:16:51.187;3.0979373455047607;1.3996071815490725;-1.5490268468856812;-1.4992470741271973;1.4486258029937744;Release
01.03.2023;19:18:44.353;0.0008554060477763;0.0008522634743712;-0.0001958973734872;-1.01107807495e-05;1.2919642813e-06;Idle
01.03.2023;19:18:48.212;0.0008554060477763;0.0995012819766998;-0.0001958973734872;-1.01107807495e-05;1.2919642813e-06;Start
01.03.2023;19:18:54.749;0.8447849154472351;0.1998962610960006;-0.0001958973734872;-1.01107807495e-05;1.2919642813e-06;Adjust
01.03.2023;19:18:59.969;1.5986946821212769;1.499290108680725;-0.1197968870401382;-1.01107807495e-05;1.4835309982299805;DriveDown
01.03.2023;19:19:04.537;1.5986946821212769;1.499290108680725;-0.1197968870401382;-1.01107807495e-05;-0.3926979899406433;PickUp
01.03.2023;19:19:05.962;1.5986946821212769;1.3159600496292114;-0.1197968870401382;-1.01107807495e-05;-0.3926979899406433;Lift
01.03.2023;19:19:07.969;2.5325093269348145;1.3988951444625854;-1.0536115169525146;-0.9338250756263732;-0.3926979899406433;Forwarding
01.03.2023;19:19:12.692;3.097938299179077;1.3988951444625854;-1.5492204427719116;-1.4992473125457764;1.4573512077331543;Release
01.03.2023;19:19:51.887;0.0008560929563827;6.01028805249e-05;-0.0002896119840443;-1.02988997241e-05;1.6126439277e-06;Idle
01.03.2023;19:19:55.788;0.0008560929563827;0.099582128226757;-0.0002896119840443;-1.02988997241e-05;1.6126439277e-06;Start
01.03.2023;19:19:59.690;0.9983060956001282;0.1999770700931549;-0.0002896119840443;-1.02988997241e-05;1.6126439277e-06;Adjust
01.03.2023;19:20:04.280;1.5986955165863037;1.499370813369751;-0.1198906004428863;-1.02988997241e-05;1.4748048782348633;DriveDown
01.03.2023;19:20:08.142;1.5986955165863037;1.499370813369751;-0.1198906004428863;-1.02988997241e-05;-0.3926976025104522;PickUp
01.03.2023;19:20:09.425;1.5986955165863037;1.3160408735275269;-0.1198906004428863;-1.02988997241e-05;-0.3926976025104522;Lift
01.03.2023;19:20:12.694;3.0979394912719727;1.398975849151611;-1.5493148565292358;-1.499247431755066;-0.3926976025104522;Forwarding
01.03.2023;19:20:17.264;3.0979394912719727;1.398975849151611;-1.5493148565292358;-1.499247431755066;1.4660778045654297;Release
01.03.2023;19:22:40.367;0.0008591433870606;0.0002610320225358;-0.0005249752430245;-1.11025719888e-05;1.0841412176e-06;Idle
01.03.2023;19:22:44.903;0.0008591433870606;0.0997830331325531;-0.0005249752430245;-1.11025719888e-05;1.0841412176e-06;Start
01.03.2023;19:22:51.388;0.999182105064392;0.1993050277233123;-0.0005249752430245;-1.11025719888e-05;1.0841412176e-06;Adjust
01.03.2023;19:22:55.990;1.5986982583999634;1.4986990690231323;-0.1192529946565628;-1.11025719888e-05;1.483530879020691;DriveDown
01.03.2023;19:22:59.924;1.5986982583999634;1.4986990690231323;-0.1192529946565628;-1.11025719888e-05;-0.3926980793476105;PickUp
01.03.2023;19:23:01.159;1.5986982583999634;1.3153690099716189;-0.1192529946565628;-1.11025719888e-05;-0.3926980793476105;Lift
01.03.2023;19:23:03.827;3.0901052951812744;1.3991769552230835;-1.5443321466445925;-1.4408313035964966;-0.3926980793476105;Forwarding
01.03.2023;19:23:08.996;3.0979421138763428;1.3991769552230835;-1.548683762550354;-1.499248504638672;1.466077208518982;Release
01.03.2023;19:23:13.663;0.000859540537931;0.000301076186588;-0.0005787704139947;-1.14992244562e-05;6.879635634504666e-07;Idle
01.03.2023;19:23:18.203;0.000859540537931;0.0998230949044227;-0.0005787704139947;-1.14992244562e-05;6.879635634504666e-07;Start
01.03.2023;19:23:24.751;0.9991823434829712;0.1993450075387954;-0.0005787704139947;-1.14992244562e-05;6.879635634504666e-07;Adjust
01.03.2023;19:23:29.288;1.5986987352371216;1.4987391233444214;-0.1193067654967308;-1.14992244562e-05;1.4835307598114014;DriveDown
01.03.2023;19:23:34.505;1.5986987352371216;1.4987391233444214;-0.1193067654967308;-1.14992244562e-05;-0.3926982581615448;PickUp
01.03.2023;19:23:36.438;1.5986987352371216;1.3154090642929075;-0.1193067654967308;-1.14992244562e-05;-0.3926982581615448;Lift
01.03.2023;19:23:39.722;3.097942590713501;1.399217128753662;-1.5487371683120728;-1.4992486238479614;-0.3926982581615448;Forwarding
01.03.2023;19:23:44.241;3.097942590713501;1.399217128753662;-1.5487371683120728;-1.4992486238479614;1.4660775661468506;Release
01.03.2023;19:25:01.754;0.0008610431686975;0.0004215694789309;-0.0007398581365123;-1.13941123345e-05;8.604375238974171e-07;Idle
01.03.2023;19:25:08.223;0.0008610431686975;0.0999435782432556;-0.0007398581365123;-1.13941123345e-05;8.604375238974171e-07;Start
01.03.2023;19:25:14.768;0.9991838932037354;0.1994655728340149;-0.0007398581365123;-1.13941123345e-05;8.604375238974171e-07;Adjust
01.03.2023;19:25:19.310;1.5987001657485962;1.498859405517578;-0.1194678619503974;-1.13941123345e-05;1.4835307598114014;DriveDown
01.03.2023;19:25:23.213;1.5987001657485962;1.498859405517578;-0.1194678619503974;-1.13941123345e-05;-0.3926984071731567;PickUp
01.03.2023;19:25:24.530;1.5987001657485962;1.3155293464660645;-0.1194678619503974;-1.13941123345e-05;-0.3926984071731567;Lift
01.03.2023;19:25:27.781;3.0979435443878174;1.3993374109268188;-1.548898458480835;-1.499248504638672;-0.3926984071731567;Forwarding
01.03.2023;19:25:32.353;3.0979435443878174;1.3993374109268188;-1.548898458480835;-1.499248504638672;1.466077446937561;Release
01.03.2023;19:28:27.983;0.0008626955677755;0.0006636629696004;-0.0001809405948733;-1.20302629511e-05;9.48107242493279e-07;Idle
01.03.2023;19:28:31.903;0.0008626955677755;0.0993126705288887;-0.0001809405948733;-1.20302629511e-05;9.48107242493279e-07;Start
01.03.2023;19:28:35.787;0.9991856217384338;0.1997077316045761;-0.0001809405948733;-1.20302629511e-05;9.48107242493279e-07;Adjust
01.03.2023;19:28:40.356;1.5987019538879397;1.4991017580032349;-0.1197819486260414;-1.20302629511e-05;1.4835309982299805;DriveDown
01.03.2023;19:28:44.223;1.5987019538879397;1.4991017580032349;-0.1197819486260414;-1.20302629511e-05;-0.3926980793476105;PickUp
01.03.2023;19:28:45.524;1.5987019538879397;1.3157716989517212;-0.1197819486260414;-1.20302629511e-05;-0.3926980793476105;Lift
01.03.2023;19:28:48.792;3.0979459285736084;1.399579644203186;-1.5492058992385864;-1.4992492198944092;-0.3926980793476105;Forwarding
01.03.2023;19:28:53.310;3.0979459285736084;1.399579644203186;-1.5492058992385864;-1.4992492198944092;1.466077446937561;Release
01.03.2023;19:30:08.089;0.0008637605351395;0.0007847814122214;-0.0003221818769816;-1.19915139293e-05;1.2250159215e-06;Idle
01.03.2023;19:30:13.357;0.0008637605351395;0.0994337797164917;-0.0003221818769816;-1.19915139293e-05;1.2250159215e-06;Start
01.03.2023;19:30:19.877;0.99831360578537;0.1998288035392761;-0.0003221818769816;-1.19915139293e-05;1.2250159215e-06;Adjust
01.03.2023;19:30:25.061;1.5987030267715454;1.499222755432129;-0.1199231892824173;-1.19915139293e-05;1.4835309982299805;DriveDown
01.03.2023;19:30:29.613;1.5987030267715454;1.499222755432129;-0.1199231892824173;-1.19915139293e-05;-0.3926977813243866;PickUp
01.03.2023;19:30:31.598;1.5987030267715454;1.3158928155899048;-0.1199231892824173;-1.19915139293e-05;-0.3926977813243866;Lift
01.03.2023;19:30:34.831;3.097946882247925;1.3988277912139893;-1.5493474006652832;-1.4992492198944092;-0.3926977813243866;Forwarding
01.03.2023;19:30:40.003;3.097946882247925;1.3988277912139893;-1.5493474006652832;-1.4992492198944092;1.4660779237747192;Release
01.03.2023;19:31:16.514;0.0008634229889139;0.0008662203326821;-0.0004159531090408;-1.22575493151e-05;1.338774382e-06;Idle
01.03.2023;19:31:21.084;0.0008634229889139;0.0995151996612548;-0.0004159531090408;-1.22575493151e-05;1.338774382e-06;Start
01.03.2023;19:31:27.569;0.9991861581802368;0.1999102234840393;-0.0004159531090408;-1.22575493151e-05;1.338774382e-06;Adjust
01.03.2023;19:31:32.121;1.598702311515808;1.499303936958313;-0.1191439405083656;-1.22575493151e-05;1.4748045206069946;DriveDown
01.03.2023;19:31:36.005;1.598702311515808;1.499303936958313;-0.1191439405083656;-1.22575493151e-05;-0.3926977515220642;PickUp
01.03.2023;19:31:37.339;1.598702311515808;1.3159739971160889;-0.1191439405083656;-1.22575493151e-05;-0.3926977515220642;Lift
01.03.2023;19:31:40.573;3.0979461669921875;1.3989089727401731;-1.549440860748291;-1.4992493391036987;-0.3926977515220642;Forwarding
01.03.2023;19:31:45.126;3.0979461669921875;1.3989089727401731;-1.549440860748291;-1.4992493391036987;1.4660780429840088;Release
01.03.2023;19:38:55.436;0.0008703198400326;0.0005164620233699;-0.0002128443738911;-1.21467073768e-05;-1.9496512777e-06;Idle
01.03.2023;19:38:58.023;0.0008703198400326;0.099165454506874;-0.0002128443738911;-1.21467073768e-05;-1.9496512777e-06;Start
01.03.2023;19:39:01.990;0.9991934299468994;0.1995603889226913;-0.0002128443738911;-1.21467073768e-05;-1.9496512777e-06;Adjust
01.03.2023;19:39:07.186;1.5987097024917605;1.4989542961120603;-0.1198138520121574;-1.21467073768e-05;1.483527898788452;DriveDown
01.03.2023;19:39:11.770;1.5987097024917605;1.4989542961120603;-0.1198138520121574;-1.21467073768e-05;-0.3927009403705597;PickUp
01.03.2023;19:39:13.737;1.5987097024917605;1.3156243562698364;-0.1198138520121574;-1.21467073768e-05;-0.3927009403705597;Lift
01.03.2023;19:39:16.970;3.0979537963867188;1.3994323015213013;-1.5492377281188965;-1.4992493391036987;-0.3927009403705597;Forwarding
01.03.2023;19:39:21.502;3.0979537963867188;1.3994323015213013;-1.5492377281188965;-1.4992493391036987;1.466074824333191;Release
01.03.2023;19:40:01.961;0.0008711232803761;0.0005973092047497;-0.0003068166261073;-1.25580327221e-05;-1.9888468614e-06;Idle
01.03.2023;19:40:09.120;0.0008711232803761;0.0992462933063507;-0.0003068166261073;-1.25580327221e-05;-1.9888468614e-06;Start
01.03.2023;19:40:15.636;0.9983211159706116;0.1996413171291351;-0.0003068166261073;-1.25580327221e-05;-1.9888468614e-06;Adjust
01.03.2023;19:40:20.837;1.598710298538208;1.499035120010376;-0.1199078261852264;-1.25580327221e-05;1.4835277795791626;DriveDown
01.03.2023;19:40:25.419;1.598710298538208;1.499035120010376;-0.1199078261852264;-1.25580327221e-05;-0.3927011787891388;PickUp
01.03.2023;19:40:27.373;1.598710298538208;1.315705180168152;-0.1199078261852264;-1.25580327221e-05;-0.3927011787891388;Lift
01.03.2023;19:40:30.663;3.097954273223877;1.3995132446289062;-1.5493320226669312;-1.499249815940857;-0.3927011787891388;Forwarding
01.03.2023;19:40:35.272;3.097954273223877;1.3995132446289062;-1.5493320226669312;-1.499249815940857;1.4660745859146118;Release
01.03.2023;19:42:22.120;0.0008729388355277;0.0007581558893434;-0.0004947473644278;-1.27098974189e-05;-1.8564982156e-06;Idle
01.03.2023;19:42:26.003;0.0008729388355277;0.0994071662425994;-0.0004947473644278;-1.27098974189e-05;-1.8564982156e-06;Start
01.03.2023;19:42:29.929;0.9991959929466248;0.1998021602630615;-0.0004947473644278;-1.27098974189e-05;-1.8564982156e-06;Adjust
01.03.2023;19:42:35.125;1.5987120866775513;1.4991960525512695;-0.1192227527499198;-1.27098974189e-05;1.483527898788452;DriveDown
01.03.2023;19:42:39.695;1.5987120866775513;1.4991960525512695;-0.1192227527499198;-1.27098974189e-05;-0.3927009701728821;PickUp
01.03.2023;19:42:41.678;1.5987120866775513;1.315865993499756;-0.1192227527499198;-1.27098974189e-05;-0.3927009701728821;Lift
01.03.2023;19:42:44.886;3.0979561805725098;1.3988009691238403;-1.5486533641815186;-1.4992496967315674;-0.3927009701728821;Forwarding
01.03.2023;19:42:49.452;3.0979561805725098;1.3988009691238403;-1.5486533641815186;-1.4992496967315674;1.4660743474960327;Release
01.03.2023;19:44:38.199;1.3483987686e-06;4.70616396341e-05;-0.0007095247856341;-1.34042938952e-05;-1.8584120198e-06;Idle
01.03.2023;19:44:44.703;1.3483987686e-06;0.0995690822601318;-0.0007095247856341;-1.34042938952e-05;-1.8584120198e-06;Start
01.03.2023;19:44:51.219;0.9991973638534546;0.1999640315771103;-0.0007095247856341;-1.34042938952e-05;-1.8584120198e-06;Adjust
01.03.2023;19:44:55.787;1.5987136363983154;1.4993575811386108;-0.1194375306367874;-1.34042938952e-05;1.4748014211654663;DriveDown
01.03.2023;19:44:59.669;1.5987136363983154;1.4993575811386108;-0.1194375306367874;-1.34042938952e-05;-0.3927006423473358;PickUp
01.03.2023;19:45:00.969;1.5987136363983154;1.3160275220870972;-0.1194375306367874;-1.34042938952e-05;-0.3927006423473358;Lift
01.03.2023;19:45:04.248;3.0979573726654053;1.3989626169204712;-1.548868179321289;-1.4992505311965942;-0.3927006423473358;Forwarding
01.03.2023;19:45:08.793;3.0979573726654053;1.3989626169204712;-1.548868179321289;-1.4992505311965942;1.4660749435424805;Release
01.03.2023;19:51:36.662;5.2243244681e-06;0.000528518226929;-0.0004325874324422;-1.45843159771e-05;-7.581543286505621e-07;Idle
01.03.2023;19:51:43.198;5.2243244681e-06;0.0991775020956993;-0.0004325874324422;-1.45843159771e-05;-7.581543286505621e-07;Start
01.03.2023;19:51:50.369;0.9992012977600098;0.1995725035667419;-0.0004325874324422;-1.45843159771e-05;-7.581543286505621e-07;Adjust
01.03.2023;19:51:54.886;1.5987175703048706;1.4989664554595947;-0.1191605851054191;-1.45843159771e-05;1.4835292100906372;DriveDown
01.03.2023;19:51:58.789;1.5987175703048706;1.4989664554595947;-0.1191605851054191;-1.45843159771e-05;-0.3926995694637298;PickUp
01.03.2023;19:52:00.088;1.5987175703048706;1.3156365156173706;-0.1191605851054191;-1.45843159771e-05;-0.3926995694637298;Lift
01.03.2023;19:52:03.339;3.09796142578125;1.3994444608688354;-1.5494574308395386;-1.4992517232894895;-0.3926995694637298;Forwarding
01.03.2023;19:52:07.891;3.09796142578125;1.3994444608688354;-1.5494574308395386;-1.4992517232894895;1.4660760164260864;Release
01.03.2023;19:52:47.740;5.7282104535e-06;0.0006095128483138;-0.0005260626785457;-1.46382590173e-05;-6.68639188461384e-07;Idle
01.03.2023;19:52:53.625;5.7282104535e-06;0.0992584973573684;-0.0005260626785457;-1.46382590173e-05;-6.68639188461384e-07;Start
01.03.2023;19:53:00.161;0.9992018938064576;0.1996534764766693;-0.0005260626785457;-1.46382590173e-05;-6.68639188461384e-07;Adjust
01.03.2023;19:53:05.363;1.5987180471420288;1.4990475177764893;-0.1192540973424911;-1.46382590173e-05;1.4835293292999268;DriveDown
01.03.2023;19:53:09.965;1.5987180471420288;1.4990475177764893;-0.1192540973424911;-1.46382590173e-05;-0.3926995396614074;PickUp
01.03.2023;19:53:11.915;1.5987180471420288;1.3157174587249756;-0.1192540973424911;-1.46382590173e-05;-0.3926995396614074;Lift
01.03.2023;19:53:15.183;3.097961902618408;1.39952552318573;-1.548685073852539;-1.4992518424987793;-0.3926995396614074;Forwarding
01.03.2023;19:53:19.753;3.097961902618408;1.39952552318573;-1.548685073852539;-1.4992518424987793;1.4660758972167969;Release
01.03.2023;20:00:58.506;9.5869063443e-06;0.0003005314501933;-0.0003709972370415;-1.61568004841e-05;-5.642463634103478e-07;Idle
01.03.2023;20:01:03.745;9.5869063443e-06;0.0998225286602974;-0.0003709972370415;-1.61568004841e-05;-5.642463634103478e-07;Start
01.03.2023;20:01:10.360;0.9992057085037231;0.1993445307016372;-0.0003709972370415;-1.61568004841e-05;-5.642463634103478e-07;Adjust
01.03.2023;20:01:14.971;1.5987218618392944;1.4987385272979736;-0.1199719980359077;-1.61568004841e-05;1.483528971672058;DriveDown
01.03.2023;20:01:19.545;1.5987218618392944;1.4987385272979736;-0.1199719980359077;-1.61568004841e-05;-0.3926997780799866;PickUp
01.03.2023;20:01:20.932;1.5987218618392944;1.31540846824646;-0.1199719980359077;-1.61568004841e-05;-0.3926997780799866;Lift
01.03.2023;20:01:24.217;3.097965717315674;1.3992165327072144;-1.5493957996368408;-1.4992533922195437;-0.3926997780799866;Forwarding
01.03.2023;20:01:28.824;3.097965717315674;1.3992165327072144;-1.5493957996368408;-1.4992533922195437;1.466075778007507;Release
01.03.2023;20:02:09.743;1.00977749752e-05;0.0003812571521848;-0.0004650043265428;-1.63874065037e-05;-7.722350119365728e-07;Idle
01.03.2023;20:02:16.286;1.00977749752e-05;0.099903255701065;-0.0004650043265428;-1.63874065037e-05;-7.722350119365728e-07;Start
01.03.2023;20:02:22.781;0.9992063045501708;0.1994252502918243;-0.0004650043265428;-1.63874065037e-05;-7.722350119365728e-07;Adjust
01.03.2023;20:02:28.037;1.5987224578857422;1.4988192319869995;-0.1191930249333381;-1.63874065037e-05;1.4835290908813477;DriveDown
01.03.2023;20:02:32.606;1.5987224578857422;1.4988192319869995;-0.1191930249333381;-1.63874065037e-05;-0.3926999270915985;PickUp
01.03.2023;20:02:34.557;1.5987224578857422;1.3154891729354858;-0.1191930249333381;-1.63874065037e-05;-0.3926999270915985;Lift
01.03.2023;20:02:38.488;3.097966432571411;1.3992972373962402;-1.5494900941848757;-1.4992533922195437;-0.3926999270915985;Forwarding
01.03.2023;20:02:42.419;3.097966432571411;1.3992972373962402;-1.5494900941848757;-1.4992533922195437;1.466075778007507;Release
01.03.2023;20:08:57.296;1.1844632354e-05;0.0008654480334371;-0.0002153603854821;-1.83368301804e-05;3.2645704806100184e-08;Idle
01.03.2023;20:09:03.120;1.1844632354e-05;0.0995144322514534;-0.0002153603854821;-1.83368301804e-05;3.2645704806100184e-08;Start
01.03.2023;20:09:09.654;0.9992078542709352;0.1999093890190124;-0.0002153603854821;-1.83368301804e-05;3.2645704806100184e-08;Adjust
01.03.2023;20:09:14.911;1.5987240076065063;1.4993034601211548;-0.1198163777589798;-1.83368301804e-05;1.483529806137085;DriveDown
01.03.2023;20:09:19.403;1.5987240076065063;1.4993034601211548;-0.1198163777589798;-1.83368301804e-05;-0.3926991522312164;PickUp
01.03.2023;20:09:21.353;1.5987240076065063;1.3159734010696411;-0.1198163777589798;-1.83368301804e-05;-0.3926991522312164;Lift
01.03.2023;20:09:24.622;3.097967624664306;1.3989083766937256;-1.5492404699325562;-1.4992551803588867;-0.3926991522312164;Forwarding
01.03.2023;20:09:29.224;3.097967624664306;1.3989083766937256;-1.5492404699325562;-1.4992551803588867;1.4660766124725342;Release
01.03.2023;20:09:33.764;1.1494964383e-05;3.27708003169e-05;-0.000262315996224;-1.81994655577e-05;1.221891778868667e-07;Idle
01.03.2023;20:09:38.959;1.1494964383e-05;0.0995547845959663;-0.000262315996224;-1.81994655577e-05;1.221891778868667e-07;Start
01.03.2023;20:09:42.832;0.999207615852356;0.1999497562646865;-0.000262315996224;-1.81994655577e-05;1.221891778868667e-07;Adjust
01.03.2023;20:09:47.434;1.5987237691879272;1.4993436336517334;-0.1198633015155792;-1.81994655577e-05;1.4835299253463743;DriveDown
01.03.2023;20:09:51.285;1.5987237691879272;1.4993436336517334;-0.1198633015155792;-1.81994655577e-05;-0.3926988840103149;PickUp
01.03.2023;20:09:52.619;1.5987237691879272;1.3160136938095093;-0.1198633015155792;-1.81994655577e-05;-0.3926988840103149;Lift
01.03.2023;20:09:55.853;3.0979671478271484;1.3989486694335938;-1.54928719997406;-1.4992551803588867;-0.3926988840103149;Forwarding
01.03.2023;20:10:00.403;3.0979671478271484;1.3989486694335938;-1.54928719997406;-1.4992551803588867;1.4660767316818235;Release
01.03.2023;20:21:23.749;6.8629396992e-06;0.0008729490218684;-0.0004329587973188;-2.08724723052e-05;-1.0075145837e-06;Idle
01.03.2023;20:21:28.937;6.8629396992e-06;0.0995219349861145;-0.0004329587973188;-2.08724723052e-05;-1.0075145837e-06;Start
01.03.2023;20:21:32.838;0.9992029666900636;0.1999168992042541;-0.0004329587973188;-2.08724723052e-05;-1.0075145837e-06;Adjust
01.03.2023;20:21:38.039;1.5987191200256348;1.4993107318878174;-0.1191609650850296;-2.08724723052e-05;1.4835288524627686;DriveDown
01.03.2023;20:21:42.638;1.5987191200256348;1.4993107318878174;-0.1191609650850296;-2.08724723052e-05;-0.3927000164985657;PickUp
01.03.2023;20:21:44.569;1.5987191200256348;1.3159807920455933;-0.1191609650850296;-2.08724723052e-05;-0.3927000164985657;Lift
01.03.2023;20:21:47.819;3.0979628562927246;1.3989157676696775;-1.5494580268859863;-1.4992581605911257;-0.3927000164985657;Forwarding
01.03.2023;20:21:52.383;3.0979628562927246;1.3989157676696775;-1.5494580268859863;-1.4992581605911257;1.4660755395889282;Release
01.03.2023;20:26:27.086;2.9831917345e-06;0.0003629472921602;-2.93544235319e-05;-2.20808524318e-05;-3.722458075117175e-07;Idle
01.03.2023;20:26:32.354;2.9831917345e-06;0.0998849272727966;-2.93544235319e-05;-2.20808524318e-05;-3.722458075117175e-07;Start
01.03.2023;20:26:39.579;0.9991990327835084;0.1994068920612335;-2.93544235319e-05;-2.20808524318e-05;-3.722458075117175e-07;Adjust
01.03.2023;20:26:44.822;1.5987151861190796;1.4988008737564087;-0.1196303591132164;-2.20808524318e-05;1.4835293292999268;DriveDown
01.03.2023;20:26:49.373;1.5987151861190796;1.4988008737564087;-0.1196303591132164;-2.20808524318e-05;-0.3926994204521179;PickUp
01.03.2023;20:26:51.384;1.5987151861190796;1.3154709339141846;-0.1196303591132164;-2.20808524318e-05;-0.3926994204521179;Lift
01.03.2023;20:26:54.642;3.09795880317688;1.3992788791656494;-1.5490610599517822;-1.499259114265442;-0.3926994204521179;Forwarding
01.03.2023;20:26:59.869;3.09795880317688;1.3992788791656494;-1.5490610599517822;-1.499259114265442;1.466076135635376;Release
01.03.2023;20:31:32.836;0.0008715619333088;0.0007262526778504;-0.0004650050250347;-2.18328386836e-05;8.854223096932401e-07;Idle
01.03.2023;20:31:40.003;0.0008715619333088;0.0993752479553222;-0.0004650050250347;-2.18328386836e-05;8.854223096932401e-07;Start
01.03.2023;20:31:46.574;0.9852600693702698;0.1997702419757843;-0.0004650050250347;-2.18328386836e-05;8.854223096932401e-07;Adjust
01.03.2023;20:31:51.772;1.5987107753753662;1.4991638660430908;-0.1191930249333381;-2.18328386836e-05;1.4835304021835327;DriveDown
01.03.2023;20:31:56.324;1.5987107753753662;1.4991638660430908;-0.1191930249333381;-2.18328386836e-05;-0.3926984071731567;PickUp
01.03.2023;20:31:58.306;1.5987107753753662;1.3158339262008667;-0.1191930249333381;-2.18328386836e-05;-0.3926984071731567;Lift
01.03.2023;20:32:01.553;3.097954273223877;1.3996418714523315;-1.5494898557662964;-1.4992587566375732;-0.3926984071731567;Forwarding
01.03.2023;20:32:06.123;3.097954273223877;1.3996418714523315;-1.5494898557662964;-1.4992587566375732;1.4660773277282717;Release
01.03.2023;20:02:46.953;1.03876973298e-05;0.0004215709050185;-0.0005122337606735;-1.63988297572e-05;-9.513104259895044e-07;Idle
01.03.2023;20:02:52.203;1.03876973298e-05;0.0999435782432556;-0.0005122337606735;-1.63988297572e-05;-9.513104259895044e-07;Start
01.03.2023;20:02:56.104;0.99920654296875;0.1994655281305313;-0.0005122337606735;-1.63988297572e-05;-9.513104259895044e-07;Adjust
01.03.2023;20:03:00.721;1.5987226963043213;1.498859167098999;-0.1192402467131614;-1.63988297572e-05;1.4748022556304932;DriveDown
01.03.2023;20:03:04.606;1.5987226963043213;1.498859167098999;-0.1192402467131614;-1.63988297572e-05;-0.3926999568939209;PickUp
01.03.2023;20:03:05.905;1.5987226963043213;1.315529227256775;-0.1192402467131614;-1.63988297572e-05;-0.3926999568939209;Lift
01.03.2023;20:03:09.175;3.0979666709899902;1.3993371725082395;-1.5486708879470823;-1.4992536306381226;-0.3926999568939209;Forwarding
01.03.2023;20:03:13.687;3.0979666709899902;1.3993371725082395;-1.5486708879470823;-1.4992536306381226;1.466075420379639;Release
01.03.2023;20:33:53.703;0.0008693907293491;1.32845725602e-05;-0.0006724040140397;-2.23117131099e-05;1.2829177649e-06;Idle
01.03.2023;20:34:00.257;0.0008693907293491;0.0995352864265441;-0.0006724040140397;-2.23117131099e-05;1.2829177649e-06;Start
01.03.2023;20:34:06.760;0.9983192086219788;0.1999302953481674;-0.0006724040140397;-2.23117131099e-05;1.2829177649e-06;Adjust
01.03.2023;20:34:11.953;1.5987085103988647;1.4993242025375366;-0.1194003894925117;-2.23117131099e-05;1.48353111743927;DriveDown
01.03.2023;20:34:16.523;1.5987085103988647;1.4993242025375366;-0.1194003894925117;-2.23117131099e-05;-0.3926976025104522;PickUp
01.03.2023;20:34:18.513;1.5987085103988647;1.3159942626953125;-0.1194003894925117;-2.23117131099e-05;-0.3926976025104522;Lift
01.03.2023;20:34:21.756;3.097952127456665;1.398929238319397;-1.54883074760437;-1.499259352684021;-0.3926976025104522;Forwarding
01.03.2023;20:34:26.308;3.097952127456665;1.398929238319397;-1.54883074760437;-1.499259352684021;1.4660779237747192;Release
01.03.2023;20:36:12.669;0.0008681717445142;0.0001751442468957;-1.40517213367e-05;-2.21160607907e-05;9.759794465935556e-07;Idle
01.03.2023;20:36:18.529;0.0008681717445142;0.0996971577405929;-1.40517213367e-05;-2.21160607907e-05;9.759794465935556e-07;Start
01.03.2023;20:36:25.054;0.9991909265518188;0.1992190927267074;-1.40517213367e-05;-2.21160607907e-05;9.759794465935556e-07;Adjust
01.03.2023;20:36:30.286;1.5987071990966797;1.4994858503341677;-0.1196150332689285;-2.21160607907e-05;1.4835307598114014;DriveDown
01.03.2023;20:36:34.826;1.5987071990966797;1.4994858503341677;-0.1196150332689285;-2.21160607907e-05;-0.3926980197429657;PickUp
01.03.2023;20:36:36.822;1.5987071990966797;1.3152828216552734;-0.1196150332689285;-2.21160607907e-05;-0.3926980197429657;Lift
01.03.2023;20:36:40.090;3.0979506969451904;1.3990908861160278;-1.5490458011627195;-1.4992589950561523;-0.3926980197429657;Forwarding
01.03.2023;20:36:44.604;3.0979506969451904;1.3990908861160278;-1.5490458011627195;-1.4992589950561523;1.4660778045654297;Release
01.03.2023;20:40:14.169;0.0008670653332956;0.0004565829585772;-0.0003564876678865;-2.06428703677e-05;2.2655940483e-06;Idle
01.03.2023;20:40:20.707;0.0008670653332956;0.0999785810708999;-0.0003564876678865;-2.06428703677e-05;2.2655940483e-06;Start
01.03.2023;20:40:27.219;0.999189794063568;0.199500560760498;-0.0003564876678865;-2.06428703677e-05;2.2655940483e-06;Adjust
01.03.2023;20:40:31.800;1.5987061262130735;1.4988946914672852;-0.1199574917554855;-2.06428703677e-05;1.474805474281311;DriveDown
01.03.2023;20:40:35.687;1.5987061262130735;1.4988946914672852;-0.1199574917554855;-2.06428703677e-05;-0.3926970958709717;PickUp
01.03.2023;20:40:36.986;1.5987061262130735;1.315564751625061;-0.1199574917554855;-2.06428703677e-05;-0.3926970958709717;Lift
01.03.2023;20:40:40.305;3.097949504852295;1.399372696876526;-1.5493814945220947;-1.4992575645446775;-0.3926970958709717;Forwarding
01.03.2023;20:40:44.847;3.097949504852295;1.399372696876526;-1.5493814945220947;-1.4992575645446775;1.466078519821167;Release
01.03.2023;20:40:49.493;0.000866501359269;0.0004972267197445;-0.0004033644217997;-2.04937132366e-05;1.9539531876e-06;Idle
01.03.2023;20:40:53.977;0.000866501359269;0.0991462096571922;-0.0004033644217997;-2.04937132366e-05;1.9539531876e-06;Start
01.03.2023;20:41:00.504;0.9991892576217652;0.1995412111282348;-0.0004033644217997;-2.04937132366e-05;1.9539531876e-06;Adjust
01.03.2023;20:41:05.758;1.5987054109573364;1.4989352226257324;-0.119131363928318;-2.04937132366e-05;1.4835317134857178;DriveDown
01.03.2023;20:41:10.319;1.5987054109573364;1.4989352226257324;-0.119131363928318;-2.04937132366e-05;-0.3926968872547149;PickUp
01.03.2023;20:41:12.269;1.5987054109573364;1.3156051635742188;-0.119131363928318;-2.04937132366e-05;-0.3926968872547149;Lift
01.03.2023;20:41:15.528;3.097949266433716;1.3994132280349731;-1.5494283437728882;-1.499257206916809;-0.3926968872547149;Forwarding
01.03.2023;20:41:20.119;3.097949266433716;1.3994132280349731;-1.5494283437728882;-1.499257206916809;1.4660791158676147;Release
01.03.2023;20:46:36.853;0.0008638079161755;2.58524560194e-05;-4.76043933304e-05;-1.83350603037e-05;4.0967779568e-06;Idle
01.03.2023;20:46:42.098;0.0008638079161755;0.0995478704571724;-4.76043933304e-05;-1.83350603037e-05;4.0967779568e-06;Start
01.03.2023;20:46:45.319;0.8447932600975037;0.1999428272247314;-4.76043933304e-05;-1.83350603037e-05;4.0967779568e-06;Adjust
01.03.2023;20:46:50.548;1.5987030267715454;1.4993371963500977;-0.1196485757827758;-1.83350603037e-05;1.4835339784622192;DriveDown
01.03.2023;20:46:55.754;1.5987030267715454;1.4993371963500977;-0.1196485757827758;-1.83350603037e-05;-0.3926950991153717;PickUp
01.03.2023;20:46:57.052;1.5987030267715454;1.316007137298584;-0.1196485757827758;-1.83350603037e-05;-0.3926950991153717;Lift
01.03.2023;20:46:59.655;3.097946882247925;1.3989421129226685;-1.549079418182373;-1.4992552995681765;-0.3926950991153717;Forwarding
01.03.2023;20:47:04.247;3.097946882247925;1.3989421129226685;-1.549079418182373;-1.4992552995681765;1.466080665588379;Release
01.03.2023;20:48:17.217;0.000864164379891;0.0001471274154027;-0.0002027231093961;-1.81390205398e-05;4.5467149902e-06;Idle
01.03.2023;20:48:23.144;0.000864164379891;0.0996691435575485;-0.0002027231093961;-1.81390205398e-05;4.5467149902e-06;Start
01.03.2023;20:48:26.357;0.8988926410675049;0.1991910934448242;-0.0002027231093961;-1.81390205398e-05;4.5467149902e-06;Adjust
01.03.2023;20:48:31.558;1.598703145980835;1.499458074569702;-0.1198037192225456;-1.81390205398e-05;1.4835340976715088;DriveDown
01.03.2023;20:48:36.104;1.598703145980835;1.499458074569702;-0.1198037192225456;-1.81390205398e-05;-0.3926950097084045;PickUp
01.03.2023;20:48:37.414;1.598703145980835;1.316128134727478;-0.1198037192225456;-1.81390205398e-05;-0.3926950097084045;Lift
01.03.2023;20:48:40.629;3.097947120666504;1.399063229560852;-1.549227595329285;-1.4992550611495972;-0.3926950097084045;Forwarding
01.03.2023;20:48:45.203;3.097947120666504;1.399063229560852;-1.549227595329285;-1.4992550611495972;1.4660807847976685;Release
01.03.2023;20:50:30.219;0.0008644217741675;0.0003087410004809;-0.0003892437671311;-1.74295200849e-05;4.8361844164e-06;Idle
01.03.2023;20:50:35.419;0.0008644217741675;0.0998307466506958;-0.0003892437671311;-1.74295200849e-05;4.8361844164e-06;Start
01.03.2023;20:50:41.953;0.9983145594596864;0.1993527114391327;-0.0003892437671311;-1.74295200849e-05;4.8361844164e-06;Adjust
01.03.2023;20:50:47.236;1.5987036228179932;1.498746633529663;-0.1199902221560478;-1.74295200849e-05;1.483534574508667;DriveDown
01.03.2023;20:50:51.803;1.5987036228179932;1.498746633529663;-0.1199902221560478;-1.74295200849e-05;-0.3926942050457001;PickUp
01.03.2023;20:50:53.755;1.5987036228179932;1.315416693687439;-0.1199902221560478;-1.74295200849e-05;-0.3926942050457001;Lift
01.03.2023;20:50:57.002;3.097947359085083;1.3992246389389038;-1.5494141578674316;-1.499254584312439;-0.3926942050457001;Forwarding
01.03.2023;20:51:01.553;3.097947359085083;1.3992246389389038;-1.5494141578674316;-1.499254584312439;1.4660815000534058;Release
01.03.2023;21:04:46.953;0.0008714743307791;0.0004406627558637;-0.0007848681998439;-1.3575912817e-05;7.4847084761e-06;Idle
01.03.2023;21:04:50.892;0.0008714743307791;0.0999626591801643;-0.0007848681998439;-1.3575912817e-05;7.4847084761e-06;Start
01.03.2023;21:04:54.793;0.9991944432258606;0.1994846165180206;-0.0007848681998439;-1.3575912817e-05;7.4847084761e-06;Adjust
01.03.2023;21:04:59.336;1.598710536956787;1.498878836631775;-0.1195128858089447;-1.3575912817e-05;1.4835375547409058;DriveDown
01.03.2023;21:05:03.231;1.598710536956787;1.498878836631775;-0.1195128858089447;-1.3575912817e-05;-0.3926916420459747;PickUp
01.03.2023;21:05:04.588;1.598710536956787;1.3155488967895508;-0.1195128858089447;-1.3575912817e-05;-0.3926916420459747;Lift
01.03.2023;21:05:07.786;3.097954511642456;1.3993569612503052;-1.5489434003829956;-1.499250411987305;-0.3926916420459747;Forwarding
01.03.2023;21:05:12.338;3.097954511642456;1.3993569612503052;-1.5489434003829956;-1.499250411987305;1.4660842418670654;Release
01.03.2023;21:07:35.836;0.0008727400563657;0.0006419672281481;-0.0001740260340739;-1.2798453099e-05;7.8771381595e-06;Idle
01.03.2023;21:07:43.008;0.0008727400563657;0.099290981888771;-0.0001740260340739;-1.2798453099e-05;7.8771381595e-06;Start
01.03.2023;21:07:49.530;0.9991957545280457;0.1996860057115554;-0.0001740260340739;-1.2798453099e-05;7.8771381595e-06;Adjust
01.03.2023;21:07:54.786;1.5987119674682615;1.499079704284668;-0.1197750344872474;-1.2798453099e-05;1.4835377931594849;DriveDown
01.03.2023;21:07:59.331;1.5987119674682615;1.499079704284668;-0.1197750344872474;-1.2798453099e-05;-0.3926912248134613;PickUp
01.03.2023;21:08:01.266;1.5987119674682615;1.3157496452331543;-0.1197750344872474;-1.2798453099e-05;-0.3926912248134613;Lift
01.03.2023;21:08:04.539;3.0979559421539307;1.3995577096939087;-1.5491989850997925;-1.499249815940857;-0.3926912248134613;Forwarding
01.03.2023;21:08:09.180;3.0979559421539307;1.3995577096939087;-1.5491989850997925;-1.499249815940857;1.466084361076355;Release
01.03.2023;21:15:33.202;2.8287386157e-06;0.0003333063796162;-0.000871501979418;-1.0527476661e-05;8.5503597802e-06;Idle
01.03.2023;21:15:39.720;2.8287386157e-06;0.0998553037643432;-0.000871501979418;-1.0527476661e-05;8.5503597802e-06;Start
01.03.2023;21:15:46.231;0.9991987943649292;0.1993772834539413;-0.000871501979418;-1.0527476661e-05;8.5503597802e-06;Adjust
01.03.2023;21:15:50.769;1.5987149477005005;1.4987709522247314;-0.1195995211601257;-1.0527476661e-05;1.4835383892059326;DriveDown
01.03.2023;21:15:54.694;1.5987149477005005;1.4987709522247314;-0.1195995211601257;-1.0527476661e-05;-0.3926905691623688;PickUp
01.03.2023;21:15:55.961;1.5987149477005005;1.3154408931732178;-0.1195995211601257;-1.0527476661e-05;-0.3926905691623688;Lift
01.03.2023;21:15:57.985;2.5150766372680664;1.3992489576339722;-1.0185078382492063;-0.8989188075065613;-0.3926905691623688;Forwarding
01.03.2023;21:16:03.144;3.09795880317688;1.3992489576339722;-1.5490301847457886;-1.499247431755066;1.4660851955413818;Release
01.03.2023;21:16:40.304;0.1448001712560653;0.0004136666830163;-0.0001056405671988;-9.7938554972e-06;8.1275547927e-06;Idle
01.03.2023;21:16:46.215;2.9279560749e-06;0.0999356806278228;-0.0001056405671988;-9.7938554972e-06;8.1275547927e-06;Start
01.03.2023;21:16:49.428;0.8858160972595215;0.1994576901197433;-0.0001056405671988;-9.7938554972e-06;8.1275547927e-06;Adjust
01.03.2023;21:16:54.654;1.5987149477005005;1.4988515377044678;-0.1197066307067871;-9.7938554972e-06;1.483538031578064;DriveDown
01.03.2023;21:16:59.193;1.5987149477005005;1.4988515377044678;-0.1197066307067871;-9.7938554972e-06;-0.3926909267902374;PickUp
01.03.2023;21:17:00.515;1.5987149477005005;1.315521478652954;-0.1197066307067871;-9.7938554972e-06;-0.3926909267902374;Lift
01.03.2023;21:17:03.821;3.097959041595459;1.3993295431137085;-1.54913067817688;-1.4992468357086182;-0.3926909267902374;Forwarding
01.03.2023;21:17:08.370;3.097959041595459;1.3993295431137085;-1.54913067817688;-1.4992468357086182;1.466084122657776;Release
01.03.2023;21:18:18.770;3.1191350444e-06;0.0005344614037312;-0.0002463439886923;-8.8834322014e-06;6.5078083935e-06;Idle
01.03.2023;21:18:23.997;3.1191350444e-06;0.0991834625601768;-0.0002463439886923;-8.8834322014e-06;6.5078083935e-06;Start
01.03.2023;21:18:27.950;0.999199151992798;0.1995784491300583;-0.0002463439886923;-8.8834322014e-06;6.5078083935e-06;Adjust
01.03.2023;21:18:32.486;1.5987153053283691;1.4989722967147827;-0.1198473647236824;-8.8834322014e-06;1.4835363626480105;DriveDown
01.03.2023;21:18:37.103;1.5987153053283691;1.4989722967147827;-0.1198473647236824;-8.8834322014e-06;-0.3926926851272583;PickUp
01.03.2023;21:18:38.436;1.5987153053283691;1.3156423568725586;-0.1198473647236824;-8.8834322014e-06;-0.3926926851272583;Lift
01.03.2023;21:18:41.636;3.097959280014038;1.3994503021240234;-1.5492712259292605;-1.4992460012435913;-0.3926926851272583;Forwarding
01.03.2023;21:18:46.270;3.097959280014038;1.3994503021240234;-1.5492712259292605;-1.4992460012435913;1.46608304977417;Release
01.03.2023;21:20:30.661;4.3631894186e-06;0.0006950745009817;-0.0004339205042924;-8.1638754636e-06;6.2577955759e-06;Idle
01.03.2023;21:20:36.461;4.3631894186e-06;0.0993440970778465;-0.0004339205042924;-8.1638754636e-06;6.2577955759e-06;Start
01.03.2023;21:20:42.992;0.9992002844810486;0.1997390836477279;-0.0004339205042924;-8.1638754636e-06;6.2577955759e-06;Adjust
01.03.2023;21:20:48.219;1.5987166166305542;1.4991328716278076;-0.119161918759346;-8.1638754636e-06;1.4835362434387207;DriveDown
01.03.2023;21:20:52.819;1.5987166166305542;1.4991328716278076;-0.119161918759346;-8.1638754636e-06;-0.392692357301712;PickUp
01.03.2023;21:20:54.796;1.5987166166305542;1.3158029317855835;-0.119161918759346;-8.1638754636e-06;-0.392692357301712;Lift
01.03.2023;21:20:58.064;3.0979604721069336;1.399610996246338;-1.5494588613510132;-1.4992454051971436;-0.392692357301712;Forwarding
01.03.2023;21:21:02.621;3.0979604721069336;1.399610996246338;-1.5494588613510132;-1.4992454051971436;1.4660834074020386;Release
01.03.2023;21:21:07.236;4.5240913095e-06;0.0007353504188358;-0.0004806295910384;-8.0196496128e-06;6.7303135438e-06;Idle
01.03.2023;21:21:12.439;4.5240913095e-06;0.0993843525648117;-0.0004806295910384;-8.0196496128e-06;6.7303135438e-06;Start
01.03.2023;21:21:18.986;0.8727294206619263;0.1997793614864349;-0.0004806295910384;-8.0196496128e-06;6.7303135438e-06;Adjust
01.03.2023;21:21:24.213;1.5987166166305542;1.499173283576965;-0.1192086413502693;-8.0196496128e-06;1.4835364818572998;DriveDown
01.03.2023;21:21:28.821;1.5987166166305542;1.499173283576965;-0.1192086413502693;-8.0196496128e-06;-0.392692357301712;PickUp
01.03.2023;21:21:30.114;1.5987166166305542;1.3158433437347412;-0.1192086413502693;-8.0196496128e-06;-0.392692357301712;Lift
01.03.2023;21:21:32.114;2.4627182483673096;1.3987783193588257;-0.9832103848457336;-0.8640097379684448;-0.392692357301712;Forwarding
01.03.2023;21:21:37.303;3.0979604721069336;1.3987783193588257;-1.5495057106018066;-1.4992451667785645;1.4660834074020386;Release
01.03.2023;21:22:48.436;4.8507613428e-06;0.0008561181602999;-0.0006347617018036;-7.5292041401e-06;6.6034813244e-06;Idle
01.03.2023;21:22:53.653;4.8507613428e-06;0.0995051115751266;-0.0006347617018036;-7.5292041401e-06;6.6034813244e-06;Start
01.03.2023;21:22:56.925;0.9311871528625488;0.1999001055955886;-0.0006347617018036;-7.5292041401e-06;6.6034813244e-06;Adjust
01.03.2023;21:23:02.136;1.5987167358398438;1.4992940425872805;-0.1193627566099166;-7.5292041401e-06;1.483536720275879;DriveDown
01.03.2023;21:23:06.670;1.5987167358398438;1.4992940425872805;-0.1193627566099166;-7.5292041401e-06;-0.3926921486854553;PickUp
01.03.2023;21:23:07.999;1.5987167358398438;1.3159639835357666;-0.1193627566099166;-7.5292041401e-06;-0.3926921486854553;Lift
01.03.2023;21:23:11.228;3.0979604721069336;1.398898959159851;-1.5487935543060305;-1.4992446899414062;-0.3926921486854553;Forwarding
01.03.2023;21:23:15.794;3.0979604721069336;1.398898959159851;-1.5487935543060305;-1.4992446899414062;1.4660836458206177;Release
01.03.2023;21:27:49.809;5.3956305237e-06;0.0003464287437964;-0.0002313713048351;-5.7182533055e-06;5.2107034207e-06;Idle
01.03.2023;21:27:54.405;5.3956305237e-06;0.0998684242367744;-0.0002313713048351;-5.7182533055e-06;5.2107034207e-06;Start
01.03.2023;21:28:00.919;0.999201238155365;0.1993903964757919;-0.0002313713048351;-5.7182533055e-06;5.2107034207e-06;Adjust
01.03.2023;21:28:06.187;1.598717451095581;1.498784422874451;-0.1198323667049408;-5.7182533055e-06;1.4835351705551147;DriveDown
01.03.2023;21:28:10.720;1.598717451095581;1.498784422874451;-0.1198323667049408;-5.7182533055e-06;-0.3926936984062195;PickUp
01.03.2023;21:28:12.669;1.598717451095581;1.3154544830322266;-0.1198323667049408;-5.7182533055e-06;-0.3926936984062195;Lift
01.03.2023;21:28:15.953;3.097961187362671;1.3992624282836914;-1.5492559671401978;-1.499242663383484;-0.3926936984062195;Forwarding
01.03.2023;21:28:20.520;3.097961187362671;1.3992624282836914;-1.5492559671401978;-1.499242663383484;1.4660818576812744;Release
01.03.2023;21:29:34.253;5.4737529353e-06;0.0004669819609262;-0.0003725645365193;-4.9568457143e-06;5.5741020332e-06;Idle
01.03.2023;21:29:41.441;5.4737529353e-06;0.0999889746308326;-0.0003725645365193;-4.9568457143e-06;5.5741020332e-06;Start
01.03.2023;21:29:48.017;0.9992014169692992;0.1995109766721725;-0.0003725645365193;-4.9568457143e-06;5.5741020332e-06;Adjust
01.03.2023;21:29:53.141;1.5987178087234497;1.498904585838318;-0.1199735626578331;-4.9568457143e-06;1.4835357666015625;DriveDown
01.03.2023;21:29:57.753;1.5987178087234497;1.498904585838318;-0.1199735626578331;-4.9568457143e-06;-0.3926930427551269;PickUp
01.03.2023;21:29:59.722;1.5987178087234497;1.3155746459960938;-0.1199735626578331;-4.9568457143e-06;-0.3926930427551269;Lift
01.03.2023;21:30:02.959;3.097961664199829;1.399382710456848;-1.5493978261947632;-1.4992421865463257;-0.3926930427551269;Forwarding
01.03.2023;21:30:07.536;3.097961664199829;1.399382710456848;-1.5493978261947632;-1.4992421865463257;1.4660823345184326;Release
01.03.2023;21:30:48.620;5.3859853323e-06;0.0005467579467222;-0.0004669753543566;-4.653223641e-06;5.6881362979e-06;Idle
01.03.2023;21:30:55.153;5.3859853323e-06;0.0991957634687423;-0.0004669753543566;-4.653223641e-06;5.6881362979e-06;Start
01.03.2023;21:31:01.696;0.999201476573944;0.1995907574892044;-0.0004669753543566;-4.653223641e-06;5.6881362979e-06;Adjust
01.03.2023;21:31:06.893;1.5987176895141602;1.4989845752716064;-0.1191949769854545;-4.653223641e-06;1.483535647392273;DriveDown
01.03.2023;21:31:11.462;1.5987176895141602;1.4989845752716064;-0.1191949769854545;-4.653223641e-06;-0.392693430185318;PickUp
01.03.2023;21:31:13.403;1.5987176895141602;1.3156546354293823;-0.1191949769854545;-4.653223641e-06;-0.392693430185318;Lift
01.03.2023;21:31:16.653;3.09796142578125;1.3994626998901367;-1.5494918823242188;-1.499241590499878;-0.392693430185318;Forwarding
01.03.2023;21:31:21.218;3.09796142578125;1.3994626998901367;-1.5494918823242188;-1.499241590499878;1.466081976890564;Release
01.03.2023;21:41:01.306;3.6432284105e-06;0.0003981790505349;-0.0004990159650333;-2.4790188035e-06;5.0791049943e-06;Idle
01.03.2023;21:41:06.536;3.6432284105e-06;0.0999201983213424;-0.0004990159650333;-2.4790188035e-06;5.0791049943e-06;Start
01.03.2023;21:41:13.073;0.9991994500160216;0.1994421780109405;-0.0004990159650333;-2.4790188035e-06;5.0791049943e-06;Adjust
01.03.2023;21:41:18.275;1.5987157821655271;1.4988360404968262;-0.1192270070314407;-2.4790188035e-06;1.4835350513458252;DriveDown
01.03.2023;21:41:22.857;1.5987157821655271;1.4988360404968262;-0.1192270070314407;-2.4790188035e-06;-0.3926936388015747;PickUp
01.03.2023;21:41:24.821;1.5987157821655271;1.3155059814453125;-0.1192270070314407;-2.4790188035e-06;-0.3926936388015747;Lift
01.03.2023;21:41:28.070;3.0979597568511963;1.399314045906067;-1.5486578941345217;-1.4992395639419556;-0.3926936388015747;Forwarding
01.03.2023;21:41:32.660;3.0979597568511963;1.399314045906067;-1.5486578941345217;-1.4992395639419556;1.4660818576812744;Release
01.03.2023;21:45:07.103;3.2454902338e-06;0.0006805429584346;-0.0008687084773555;-1.9622514173e-06;5.0158214435e-06;Idle
01.03.2023;21:45:12.370;3.2454902338e-06;0.0993295535445213;-0.0008687084773555;-1.9622514173e-06;5.0158214435e-06;Start
01.03.2023;21:45:18.963;0.8282251358032227;0.1997245401144027;-0.0008687084773555;-1.9622514173e-06;5.0158214435e-06;Adjust
01.03.2023;21:45:25.578;1.59871506690979;1.499118447303772;-0.1195967271924018;-1.9622514173e-06;1.483534812927246;DriveDown
01.03.2023;21:45:30.170;1.59871506690979;1.499118447303772;-0.1195967271924018;-1.9622514173e-06;-0.3926943242549896;PickUp
01.03.2023;21:45:32.153;1.59871506690979;1.3157883882522583;-0.1195967271924018;-1.9622514173e-06;-0.3926943242549896;Lift
01.03.2023;21:45:35.488;3.097959041595459;1.3995964527130127;-1.549027442932129;-1.4992388486862185;-0.3926943242549896;Forwarding
01.03.2023;21:45:40.020;3.097959041595459;1.3995964527130127;-1.549027442932129;-1.4992388486862185;1.4660812616348269;Release
01.03.2023;21:48:33.672;4.8633637561e-06;4.99122106702e-05;-0.0002905002329498;-1.9849771888e-06;7.1420022322e-06;Idle
01.03.2023;21:48:38.888;4.8633637561e-06;0.0995719283819198;-0.0002905002329498;-1.9849771888e-06;7.1420022322e-06;Start
01.03.2023;21:48:45.414;0.9992009401321412;0.1999668776988983;-0.0002905002329498;-1.9849771888e-06;7.1420022322e-06;Adjust
01.03.2023;21:48:50.619;1.598717212677002;1.4993605613708496;-0.1198914870619773;-1.9849771888e-06;1.483537197113037;DriveDown
01.03.2023;21:48:55.215;1.598717212677002;1.4993605613708496;-0.1198914870619773;-1.9849771888e-06;-0.3926915824413299;PickUp
01.03.2023;21:48:57.153;1.598717212677002;1.3160306215286257;-0.1198914870619773;-1.9849771888e-06;-0.3926915824413299;Lift
01.03.2023;21:49:00.436;3.097961187362671;1.39896559715271;-1.5493154525756836;-1.4992389678955078;-0.3926915824413299;Forwarding
01.03.2023;21:49:05.071;3.097961187362671;1.39896559715271;-1.5493154525756836;-1.4992389678955078;1.4660838842391968;Release
01.03.2023;21:50:52.620;7.24263964e-06;0.0002106513420585;-0.0004784865013789;-1.5836435522e-06;6.4500241023e-06;Idle
01.03.2023;21:50:59.136;7.24263964e-06;0.0997326597571373;-0.0004784865013789;-1.5836435522e-06;6.4500241023e-06;Start
01.03.2023;21:51:05.667;0.9992032647132874;0.1992546617984771;-0.0004784865013789;-1.5836435522e-06;6.4500241023e-06;Adjust
01.03.2023;21:51:10.891;1.598719596862793;1.4995216131210327;-0.1192064955830574;-1.5836435522e-06;1.4835361242294312;DriveDown
01.03.2023;21:51:15.457;1.598719596862793;1.4995216131210327;-0.1192064955830574;-1.5836435522e-06;-0.3926927447319031;PickUp
01.03.2023;21:51:17.431;1.598719596862793;1.315318584442139;-0.1192064955830574;-1.5836435522e-06;-0.3926927447319031;Lift
01.03.2023;21:51:20.653;3.097963571548462;1.3991265296936035;-1.5495036840438845;-1.4992384910583496;-0.3926927447319031;Forwarding
01.03.2023;21:51:25.205;3.097963571548462;1.3991265296936035;-1.5495036840438845;-1.4992384910583496;1.4660828113555908;Release
01.03.2023;21:56:10.793;1.15631337394e-05;0.0005713825230486;-8.22705551399e-05;-5.95371091094421e-07;4.4746525418e-06;Idle
01.03.2023;21:56:15.983;1.15631337394e-05;0.0992203876376152;-8.22705551399e-05;-5.95371091094421e-07;4.4746525418e-06;Start
01.03.2023;21:56:19.896;0.9992074966430664;0.1996153742074966;-8.22705551399e-05;-5.95371091094421e-07;4.4746525418e-06;Adjust
01.03.2023;21:56:24.452;1.5987238883972168;1.4990092515945437;-0.1196832656860351;-5.95371091094421e-07;1.483534574508667;DriveDown
01.03.2023;21:56:29.015;1.5987238883972168;1.4990092515945437;-0.1196832656860351;-5.95371091094421e-07;-0.3926945924758911;PickUp
01.03.2023;21:56:30.386;1.5987238883972168;1.3156793117523191;-0.1196832656860351;-5.95371091094421e-07;-0.3926945924758911;Lift
01.03.2023;21:56:33.620;3.0979678630828857;1.3994873762130735;-1.5491137504577637;-1.4992376565933228;-0.3926945924758911;Forwarding
01.03.2023;21:56:38.178;3.0979678630828857;1.3994873762130735;-1.5491137504577637;-1.4992376565933228;1.4660810232162476;Release
01.03.2023;22:00:04.652;1.27097955555e-05;0.0008534991065971;-0.0004172912158537;-3.327298614408392e-08;3.7209624679e-06;Idle
01.03.2023;22:00:10.532;1.27097955555e-05;0.0995025187730789;-0.0004172912158537;-3.327298614408392e-08;3.7209624679e-06;Start
01.03.2023;22:00:13.840;0.980915904045105;0.1998975425958633;-0.0004172912158537;-3.327298614408392e-08;3.7209624679e-06;Adjust
01.03.2023;22:00:19.128;1.5987250804901123;1.4992915391921997;-0.119145281612873;-3.327298614408392e-08;1.4835336208343506;DriveDown
01.03.2023;22:00:23.822;1.5987250804901123;1.4992915391921997;-0.119145281612873;-3.327298614408392e-08;-0.3926956355571747;PickUp
01.03.2023;22:00:25.758;1.5987250804901123;1.3159615993499756;-0.119145281612873;-3.327298614408392e-08;-0.3926956355571747;Lift
01.03.2023;22:00:29.049;3.097968816757202;1.3988966941833496;-1.549442172050476;-1.499237060546875;-0.3926956355571747;Forwarding
01.03.2023;22:00:33.621;3.097968816757202;1.3988966941833496;-1.549442172050476;-1.499237060546875;1.4660800695419312;Release
