generation;iteration;gp  lower;gp  upper;map  lower;map  upper;bp  lower;bp  upper;sap  lower;sap  upper;wp  lower;wp  upper;fMeasure;precision;recall;OffsetSum
1;39;0.0890602672644841;0.10470547357638743;0.23064550259838498;0.06608109846308377;0.43770352854512357;0.45103452285374734;0.0;0.11640291555922108;0.6835541876596776;0.6999999999999998;0.54330;0.44222;0.97024;2.4414951228439192
2;53;0.0;0.10470547357638743;0.23064550259838498;0.23783605648524744;0.4227800911073083;0.5511352142271377;0.37758673670923304;0.389550327670076;0.6733690939590412;0.24515501333714262;0.61726;0.50908;0.97024;2.29655721057976
3;67;0.022796576999978127;0.10470547357638743;0.0;0.5826804097416572;0.5193370401196856;0.19255709179611763;0.21204881508266904;0.12566914224592213;0.16802889852576525;0.6999999999999998;0.58230;0.46921;0.98214;2.1620714291333725
4;81;0.022796576999978127;0.10470547357638743;0.017801562572144256;0.5826804097416572;0.5193370401196856;0.19255709179611763;0.21204881508266904;0.4264345357159474;0.16802889852576525;0.0;0.61126;0.50015;0.97024;1.6115991756795145
5;95;0.025792068596072505;0.10470547357638743;0.12772057904634337;0.5826804097416572;0.5193370401196856;0.19255709179611763;0.11504229872673276;0.12566914224592213;0.14432061948680475;0.10245044106817994;0.60233;0.49441;0.98214;1.9067049251653778
6;108;0.022796576999978127;0.10470547357638743;0.0;0.5826804097416572;0.5193370401196856;0.021621884544148567;0.11504229872673276;0.12566914224592213;0.16802889852576525;0.08882018856989325;0.60233;0.49441;0.98214;1.9067049251653778
7;120;0.022796576999978127;0.4263356678088882;0.02140375114113452;0.4397730971158553;0.17073843343351536;0.19255709179611763;0.11504229872673276;0.21845954266520812;0.35412708274930377;0.399079529740737;0.61356;0.50481;0.98214;1.305527922051425
8;134;0.1295678159101381;0.10470547357638743;0.017801562572144256;0.5826804097416572;0.5193370401196856;0.05903268035738789;0.050325067121364316;0.21845954266520812;0.35412708274930377;0.399079529740737;0.62050;0.51742;0.97500;1.841220960538221
9;148;0.0;0.0;0.011734511099776142;0.4397730971158553;0.02634562324884554;0.05903268035738789;0.11504229872673276;0.12566914224592213;0.16802889852576525;0.07679111126960875;0.62620;0.52244;0.97500;1.3328343578435542
10;161;0.0890602672644841;0.10470547357638743;0.02140375114113452;0.4397730971158553;0.17073843343351536;0.05903268035738789;0.050325067121364316;0.21845954266520812;0.35412708274930377;0.399079529740737;0.62620;0.52244;0.97500;1.3328343578435542
11;174;0.07916610773752088;0.0;0.02140375114113452;0.4397730971158553;0.0;0.021621884544148567;0.11504229872673276;0.12566914224592213;0.14432061948680475;0.10245044106817994;0.62620;0.52244;0.97500;1.3328343578435542
12;189;0.0890602672644841;0.10470547357638743;0.02140375114113452;0.4397730971158553;0.17073843343351536;0.05903268035738789;0.11504229872673276;0.12566914224592213;0.16802889852576525;0.07679111126960875;0.62620;0.52244;0.97500;1.449982521875591
13;203;0.0890602672644841;0.10470547357638743;0.02140375114113452;0.4397730971158553;0.17073843343351536;0.021621884544148567;0.11504229872673276;0.12566914224592213;0.16802889852576525;0.07679111126960875;0.62620;0.52244;0.97500;1.449982521875591
14;218;0.0890602672644841;0.08587964170583136;0.02140375114113452;0.4397730971158553;0.5056054761534082;0.19568205591153354;0.04989489900797153;0.12566914224592213;0.16802889852576525;0.07679111126960875;0.62620;0.52244;0.97500;1.449982521875591
15;230;0.0890602672644841;0.10470547357638743;0.02140375114113452;0.4397730971158553;0.17073843343351536;0.021621884544148567;0.11504229872673276;0.12566914224592213;0.16802889852576525;0.07679111126960875;0.62620;0.52244;0.97500;1.449982521875591
16;244;0.0890602672644841;0.10470547357638743;0.02140375114113452;0.4397730971158553;0.28788659746555234;0.021621884544148567;0.11504229872673276;0.12566914224592213;0.0;0.0;0.62910;0.52508;0.97500;1.3527826561147496
17;258;0.0890602672644841;0.10470547357638743;0.02140375114113452;0.4397730971158553;0.28788659746555234;0.021621884544148567;0.11504229872673276;0.0;0.16802889852576525;0.10455571511972324;0.63273;0.53271;0.97500;1.4696261026774802
18;271;0.0890602672644841;0.10470547357638743;0.02140375114113452;0.4397730971158553;0.08307692165698463;0.0;0.0;0.12566914224592213;0.16802889852576525;0.07679111126960875;0.63273;0.53271;0.97500;1.4696261026774802
19;286;0.0890602672644841;0.10470547357638743;0.02140375114113452;0.4397730971158553;0.19971841068560306;0.021621884544148567;0.07824601589572594;0.0;0.16802889852576525;0.0;0.63273;0.53271;0.97500;1.4418614988273657
20;301;0.0890602672644841;0.10470547357638743;0.0;0.4397730971158553;0.28788659746555234;0.021621884544148567;0.07824601589572594;0.0;0.16802889852576525;0.10455571511972324;0.63273;0.53271;0.97500;1.4418614988273657
21;315;0.0890602672644841;0.10470547357638743;0.02140375114113452;0.4397730971158553;0.19971841068560306;0.0;0.11504229872673276;0.12566914224592213;0.16802889852576525;0.07679111126960875;0.63273;0.53271;0.97500;1.4418614988273657
22;330;0.0890602672644841;0.0;0.17386034447515816;0.49636462607967924;0.28788659746555234;0.013500861495923102;0.11504229872673276;0.12566914224592213;0.19077338769977772;0.0;0.63300;0.53068;0.97500;1.3951616850879631
23;344;0.0890602672644841;0.10470547357638743;0.2920154407764552;0.4397730971158553;0.28788659746555234;0.013500861495923102;0.11504229872673276;0.0;0.16802889852576525;0.07679111126960875;0.63273;0.53271;0.97500;1.4418614988273657
24;358;0.0890602672644841;0.10470547357638743;0.02140375114113452;0.4397730971158553;0.28788659746555234;0.013500861495923102;0.11504229872673276;0.12566914224592213;0.16802889852576525;0.07679111126960875;0.63273;0.53271;0.97500;1.4418614988273657
25;372;0.0890602672644841;0.10470547357638743;0.02140375114113452;0.4397730971158553;0.28788659746555234;0.013500861495923102;0.11504229872673276;0.12566914224592213;0.16802889852576525;0.07679111126960875;0.63273;0.53271;0.97500;1.4418614988273657
26;386;0.0890602672644841;0.10470547357638743;0.02140375114113452;0.4397730971158553;0.28788659746555234;0.0;0.11504229872673276;0.0;0.19726105163799337;0.07679111126960875;0.63273;0.53271;0.97500;1.4418614988273657
27;399;0.0890602672644841;0.10470547357638743;0.02140375114113452;0.4397730971158553;0.28788659746555234;0.0;0.11504229872673276;0.3072707149177647;0.16802889852576525;0.07679111126960875;0.65021;0.54857;0.97500;1.290530896375643
28;414;0.0890602672644841;0.10470547357638743;0.02140375114113452;0.4397730971158553;0.3382022890758797;0.0;0.2284616776462413;0.07595129630646234;0.16802889852576525;0.07679111126960875;0.65021;0.54857;0.97500;1.290530896375643
29;429;0.0890602672644841;0.10470547357638743;0.02140375114113452;0.4397730971158553;0.28788659746555234;0.013500861495923102;0.11504229872673276;0.12566914224592213;0.16802889852576525;0.07679111126960875;0.68187;0.56733;0.99286;1.0935735578957382
30;444;0.0890602672644841;0.10470547357638743;0.02140375114113452;0.2803556531283817;0.2521060010075721;0.0;0.1316084104938584;0.0;0.055106654191669505;0.07679111126960875;0.68187;0.56733;0.99286;1.0935735578957382
31;458;0.0890602672644841;0.10470547357638743;0.02140375114113452;0.4345164731705624;0.4136912016867244;0.013500861495923102;0.1316084104938584;0.07595129630646234;0.0;0.0;0.68187;0.56733;0.99286;1.12983799614728
32;473;0.0;0.10470547357638743;0.02140375114113452;0.4345164731705624;0.28788659746555234;0.013500861495923102;0.1316084104938584;0.07595129630646234;0.15959426955534303;0.0;0.68187;0.56733;0.99286;1.2346246307220605
33;488;0.0890602672644841;0.10470547357638743;0.02140375114113452;0.4345164731705624;0.28788659746555234;0.013500861495923102;0.1316084104938584;0.0;0.21114639473107272;0.07679111126960875;0.68187;0.56733;0.99286;1.2346246307220605
34;503;0.0890602672644841;0.10470547357638743;0.030578246876260616;0.5969517363130215;0.2717230040971228;0.019368315995520462;0.1316084104938584;0.07595129630646234;0.0;0.4488095020051156;0.68187;0.56733;0.99286;1.2346246307220605
35;517;0.0890602672644841;0.1475192862791933;0.030578246876260616;0.2646490772070733;0.28788659746555234;0.013500861495923102;0.0;0.21846711712042066;0.055106654191669505;0.18157774584438943;0.69519;0.58360;0.99286;1.2943037125495764
36;532;0.0890602672644841;0.10470547357638743;0.030578246876260616;0.2646490772070733;0.28788659746555234;0.0;0.1316084104938584;0.0;0.0;0.253615644445663;0.69519;0.58360;0.99286;1.2943037125495764
37;546;0.0890602672644841;0.3816440471432786;0.0;0.2646490772070733;0.28788659746555234;0.013500861495923102;0.1316084104938584;0.07595129630646234;0.055106654191669505;0.18157774584438943;0.73523;0.62449;0.99286;1.019102792333948
38;560;0.0;0.10470547357638743;0.030578246876260616;0.04912723881896061;0.2516221592140107;0.013500861495923102;0.25524005353084867;0.26378501173664226;0.055106654191669505;0.18157774584438943;0.73523;0.62449;0.99286;1.019102792333948
39;575;0.0890602672644841;0.10470547357638743;0.030578246876260616;0.0;0.2516221592140107;0.013500861495923102;0.0;0.26378501173664226;0.055106654191669505;0.04428922031534924;0.73523;0.62449;0.99286;1.019102792333948
40;589;0.2561632739082475;0.0;0.06709910949550077;0.04912723881896061;0.2516221592140107;0.013500861495923102;0.25524005353084867;0.07595129630646234;0.055106654191669505;0.18157774584438943;0.73523;0.62449;0.99286;1.019102792333948
41;604;0.0890602672644841;0.341026171078887;4.916841211893216E-4;0.04912723881896061;0.2516221592140107;0.013500861495923102;0.1316084104938584;0.07595129630646234;0.046847590999122876;0.18157774584438943;0.73728;0.62098;1.00000;1.0004764421570715
42;618;0.0890602672644841;0.46453126635077235;0.15001834807524306;0.04912723881896061;0.2516221592140107;0.013500861495923102;0.25524005353084867;0.07595129630646234;0.055106654191669505;0.18157774584438943;0.73728;0.62098;1.00000;1.0004764421570715
43;633;0.0890602672644841;0.10470547357638743;0.030578246876260616;0.0;0.28788659746555234;0.013500861495923102;0.1316084104938584;0.07595129630646234;0.055106654191669505;0.18157774584438943;0.73922;0.62906;0.99286;0.9715238929405239
44;646;0.0890602672644841;0.10470547357638743;0.030578246876260616;0.04912723881896061;0.110205555918826;0.013500861495923102;0.1316084104938584;0.0;0.07615184576682764;0.11845822374363583;0.73922;0.62906;0.99286;1.0077883311920655
45;661;0.0;0.10470547357638743;0.030578246876260616;0.0;0.2516221592140107;0.0;0.1316084104938584;0.06463683516458;0.055106654191669505;0.19539352374909583;0.73922;0.62906;0.99286;1.0077883311920655
46;675;0.0890602672644841;0.3560901576551884;0.030578246876260616;0.0;0.4403624012447326;0.013500861495923102;0.1316084104938584;0.07595129630646234;0.10881396765865428;0.19539352374909583;0.73922;0.62906;0.99286;1.021604109096772
47;689;0.0;0.10470547357638743;0.0;0.10614646186488842;0.28788659746555234;0.013500861495923102;0.1316084104938584;0.06463683516458;0.055106654191669505;0.18157774584438943;0.73922;0.62906;0.99286;1.0077883311920655
48;703;0.0890602672644841;0.21693932558274248;0.030578246876260616;0.0;0.28788659746555234;0.013500861495923102;0.0;0.06463683516458;0.003480514965430767;0.18157774584438943;0.74231;0.63447;0.99286;0.9975980893223306
49;718;0.07887002539474919;0.10470547357638743;0.030578246876260616;0.3247598841167849;0.28788659746555234;0.013500861495923102;0.1316084104938584;0.06463683516458;0.055106654191669505;0.18157774584438943;0.74231;0.63447;0.99286;0.9975980893223306
50;733;0.0890602672644841;0.13114168387293063;0.030578246876260616;0.04912723881896061;0.28788659746555234;0.0;0.02598442569775522;0.06463683516458;0.055106654191669505;0.2656015782460132;0.74231;0.63447;0.99286;0.9975980893223306
51;748;0.07887002539474919;0.10470547357638743;0.030578246876260616;0.04912723881896061;0.28788659746555234;0.23188996430188205;0.13698891681892855;0.06491863513379688;0.0;0.18157774584438943;0.74231;0.63447;0.99286;1.0029785956474009
52;763;0.0;0.10470547357638743;0.030578246876260616;0.04912723881896061;0.28788659746555234;0.013500861495923102;0.1316084104938584;0.06463683516458;0.055106654191669505;0.18157774584438943;0.74546;0.63836;0.99286;0.9672353001424467
53;777;0.07887002539474919;0.10470547357638743;0.08809386150751974;0.0;0.28788659746555234;0.281487005610499;0.014543510008123664;0.5014539348316549;0.055106654191669505;0.18157774584438943;0.74546;0.63836;0.99286;0.9672353001424467
54;792;0.07887002539474919;0.10470547357638743;0.030578246876260616;0.04912723881896061;0.28788659746555234;0.013500861495923102;0.1316084104938584;0.06463683516458;0.055106654191669505;0.18157774584438943;0.74546;0.63836;0.99286;0.9969596002582453
55;804;0.07887002539474919;0.10470547357638743;0.030578246876260616;0.04912723881896061;0.28788659746555234;0.013500861495923102;0.13698891681892855;0.06463683516458;0.055106654191669505;0.18157774584438943;0.74546;0.63836;0.99286;0.9969596002582453
56;818;0.07887002539474919;0.10470547357638743;0.0;0.026483479372090255;0.12967110866867837;0.021787259489267807;0.1316084104938584;0.06463683516458;0.0;0.18157774584438943;0.74546;0.63836;0.99286;0.9969596002582453
57;832;0.07887002539474919;0.4875488223992851;0.0;0.04912723881896061;0.28788659746555234;0.013500861495923102;0.15966357885655538;0.06463683516458;0.055106654191669505;0.18157774584438943;0.74546;0.63836;0.99286;0.9969596002582453
58;847;0.07887002539474919;0.10470547357638743;0.0;0.0;0.28788659746555234;0.013500861495923102;0.15966357885655538;0.05548802127094909;0.026412996764887158;0.5311059558818838;0.74546;0.63836;0.99286;0.9969596002582453
59;862;0.07887002539474919;0.10470547357638743;0.030578246876260616;0.04912723881896061;0.28788659746555234;0.013500861495923102;0.15966357885655538;0.06463683516458;0.026412996764887158;0.18157774584438943;0.74546;0.63836;0.99286;0.9969596002582453
60;876;0.0;0.10470547357638743;0.030578246876260616;0.04912723881896061;0.28788659746555234;0.013500861495923102;0.15966357885655538;0.06463683516458;0.026412996764887158;0.18157774584438943;0.74546;0.63836;0.99286;0.9969596002582453
61;891;0.07887002539474919;0.10470547357638743;0.030578246876260616;0.04912723881896061;0.5230579570526999;0.013500861495923102;0.15966357885655538;0.0;0.0;0.18157774584438943;0.75124;0.64826;0.99286;0.8363205558115525
62;906;0.4195086041090562;0.10470547357638743;0.07845230853070079;0.04912723881896061;0.28788659746555234;0.013500861495923102;0.15966357885655538;0.06463683516458;0.026412996764887158;0.18157774584438943;0.74546;0.63836;0.99286;0.9969596002582453
63;921;0.07887002539474919;0.10470547357638743;0.030578246876260616;0.04912723881896061;0.28788659746555234;0.013500861495923102;0.15966357885655538;0.06463683516458;0.026412996764887158;0.18157774584438943;0.74562;0.63846;0.99286;1.087585079890759
64;935;0.07887002539474919;0.0;0.18516961758262865;0.04912723881896061;0.0;0.05373476916710499;0.0;0.06073479438457104;0.0;0.41430396886370735;0.74562;0.63846;0.99286;0.9930575594782363
65;950;0.0;0.10470547357638743;0.0;0.04912723881896061;0.28788659746555234;0.013500861495923102;0.15966357885655538;0.06073479438457104;0.026412996764887158;0.18157774584438943;0.75543;0.65009;0.99286;0.9688655885372588
66;965;0.07887002539474919;0.10470547357638743;0.030578246876260616;0.04912723881896061;0.28788659746555234;0.0;0.15966357885655538;0.027116247456620342;0.026412996764887158;0.21394351695796648;0.75543;0.65009;0.99286;0.9688655885372588
67;980;0.07887002539474919;0.10470547357638743;0.0;0.3097812427974208;0.28788659746555234;0.013500861495923102;0.15966357885655538;0.06073479438457104;0.026412996764887158;0.276105266256912;0.74562;0.63846;0.99286;1.087585079890759
68;995;0.07887002539474919;0.10470547357638743;0.030578246876260616;0.04912723881896061;0.4581469478626501;0.0;0.2752602082301278;0.06073479438457104;0.026412996764887158;0.0937213007688624;0.74562;0.63846;0.99286;1.087585079890759
69;1007;0.07887002539474919;0.09870670351331909;0.030578246876260616;0.018040668697322345;0.28788659746555234;0.20044968473321723;0.15966357885655538;0.06073479438457104;0.026412996764887158;0.276105266256912;0.74919;0.64323;0.99286;0.980545746061048
70;1022;0.07887002539474919;0.10470547357638743;0.24491956332701048;0.0;0.28788659746555234;0.013500861495923102;0.15966357885655538;0.06073479438457104;0.026412996764887158;0.276105266256912;0.74919;0.64323;0.99286;1.0750732664735705
71;1036;0.07887002539474919;0.14043583742570853;0.3048744643291449;0.04912723881896061;0.28788659746555234;0.0;0.15966357885655538;0.041972938523400845;0.026412996764887158;0.276105266256912;0.74919;0.64323;0.99286;1.0750732664735705
72;1051;0.07887002539474919;0.10470547357638743;0.0;0.04912723881896061;0.28788659746555234;0.013500861495923102;0.15966357885655538;0.06073479438457104;0.026412996764887158;0.276105266256912;0.74919;0.64323;0.99286;1.0750732664735705
73;1066;0.07887002539474919;0.01338467609725462;0.0;0.0;0.28788659746555234;0.07541990737844637;0.20766023345491236;0.3705247259618151;0.013901183347698857;0.276105266256912;0.74919;0.64323;0.99286;1.0750732664735705
74;1081;0.07887002539474919;0.10470547357638743;0.0;0.04912723881896061;0.28788659746555234;0.013500861495923102;0.0;0.06073479438457104;0.013901183347698857;0.276105266256912;0.74919;0.64323;0.99286;1.0750732664735705
75;1096;0.07887002539474919;0.10470547357638743;0.18884436011510342;0.0;0.3906601287314446;0.0;0.15304509278672768;0.06073479438457104;0.013901183347698857;0.276105266256912;0.74919;0.64323;0.99286;1.0806095100705013
76;1110;0.07887002539474919;0.10470547357638743;0.030578246876260616;0.04912723881896061;0.28788659746555234;0.013500861495923102;0.15966357885655538;0.0;0.013901183347698857;0.0;0.74919;0.64323;0.99286;1.0806095100705013
77;1124;0.07887002539474919;0.10470547357638743;0.030578246876260616;0.04912723881896061;0.28788659746555234;0.013500861495923102;0.15966357885655538;0.06073479438457104;0.013901183347698857;0.276105266256912;0.74919;0.64323;0.99286;1.0806095100705013
78;1139;0.07887002539474919;0.10470547357638743;0.030578246876260616;0.04912723881896061;0.28788659746555234;0.013500861495923102;0.15966357885655538;0.0;0.013901183347698857;0.28164150985384284;0.75497;0.65312;0.99286;1.0208518068816654
79;1154;0.07887002539474919;0.0;0.0;0.04912723881896061;0.28788659746555234;0.013500861495923102;0.15966357885655538;0.06073479438457104;0.013901183347698857;0.28164150985384284;0.75497;0.65312;0.99286;1.0208518068816654
80;1167;0.0;0.10470547357638743;0.0;0.14025384856695783;0.28788659746555234;0.013500861495923102;0.15966357885655538;0.06073479438457104;0.013901183347698857;0.28164150985384284;0.75497;0.65312;0.99286;1.0369730223757205
81;1180;0.019112322205913142;0.10470547357638743;0.0;0.2276198562915849;0.28788659746555234;0.013500861495923102;0.15966357885655538;0.06073479438457104;0.013901183347698857;0.276105266256912;0.75497;0.65312;0.99286;1.0952989536408175
82;1194;0.019112322205913142;0.05607069736211202;0.030578246876260616;0.0796992374041879;0.22606629316462115;0.0;0.15966357885655538;0.06073479438457104;0.24679058388913871;0.28164150985384284;0.75497;0.65312;0.99286;1.0952989536408175
83;1208;0.07887002539474919;0.10470547357638743;0.030578246876260616;0.0;0.28788659746555234;0.11888215365971778;0.3648128798396898;0.0;0.1894794938542204;0.28164150985384284;0.75497;0.65312;0.99286;1.1308546408339628
84;1223;0.019112322205913142;0.10470547357638743;0.030578246876260616;0.04912723881896061;0.28788659746555234;0.013500861495923102;0.15966357885655538;0.06073479438457104;0.013901183347698857;0.28164150985384284;0.75497;0.65312;0.99286;1.1308546408339628
85;1237;0.019112322205913142;0.10470547357638743;0.0;0.04912723881896061;0.28788659746555234;0.013500861495923102;0.15966357885655538;0.06073479438457104;0.013901183347698857;0.35608865661299505;0.75497;0.65312;0.99286;1.1308546408339628
86;1249;0.0;0.0;0.24661478026789949;0.12352220491957155;0.28788659746555234;0.013500861495923102;0.15966357885655538;0.06073479438457104;0.013901183347698857;0.35608865661299505;0.75497;0.65312;0.99286;1.1308546408339628
87;1262;0.019112322205913142;0.10470547357638743;0.030578246876260616;0.04912723881896061;0.28788659746555234;0.0;0.15966357885655538;0.06073479438457104;0.013901183347698857;0.3916443438061402;0.75497;0.65312;0.99286;1.3352406665085608
88;1276;0.0;0.10470547357638743;0.030578246876260616;0.04912723881896061;0.28788659746555234;0.013500861495923102;0.15966357885655538;0.06073479438457104;0.013901183347698857;0.3916443438061402;0.75570;0.65418;0.99286;1.0992585311788006
89;1290;0.019112322205913142;0.10470547357638743;0.030578246876260616;0.04912723881896061;0.28788659746555234;0.0;0.15966357885655538;0.0;0.013901183347698857;0.5960303694807383;0.75570;0.65418;0.99286;1.3036445568533988
90;1303;0.019112322205913142;0.10470547357638743;0.030578246876260616;0.04912723881896061;0.3544393839003621;0.013500861495923102;0.15966357885655538;0.06073479438457104;0.013901183347698857;0.5960303694807383;0.75662;0.65500;0.99286;1.3200902171903692
91;1317;0.019112322205913142;0.02170702680460712;0.07761946769087376;0.0;0.3544393839003621;0.013500861495923102;0.15966357885655538;0.06073479438457104;0.013901183347698857;0.5960303694807383;0.75662;0.65500;0.99286;1.3200902171903692
92;1331;0.03293088727544621;0.0;0.030578246876260616;0.18809513421385504;0.28788659746555234;0.013500861495923102;0.15966357885655538;0.06073479438457104;0.013901183347698857;0.5960303694807383;0.75662;0.65500;0.99286;1.3200902171903692
93;1344;0.019112322205913142;0.10470547357638743;0.030578246876260616;0.033976789500768954;0.66322295628564;0.013500861495923102;0.15966357885655538;0.06073479438457104;0.013901183347698857;0.5960303694807383;0.75662;0.65500;0.99286;1.3200902171903692
94;1359;0.019112322205913142;0.02170702680460712;0.030578246876260616;0.12472257549669016;0.28788659746555234;0.0;0.15966357885655538;0.06073479438457104;0.013901183347698857;0.5960303694807383;0.75662;0.65500;0.99286;1.4240598477096307
95;1372;0.08739492459623827;0.18299641789747717;0.030578246876260616;0.033976789500768954;0.28788659746555234;0.0;0.23581842145783585;0.24506717058662536;0.013901183347698857;0.6257496501670671;0.75662;0.65500;0.99286;1.4240598477096307
96;1387;0.019112322205913142;0.10470547357638743;0.030578246876260616;0.033976789500768954;0.28788659746555234;0.0;0.15966357885655538;0.06073479438457104;0.013901183347698857;0.5960303694807383;0.75662;0.65500;0.99286;1.4240598477096307
97;1402;0.019112322205913142;0.0;0.030578246876260616;0.033976789500768954;0.28788659746555234;0.013500861495923102;0.15966357885655538;0.06073479438457104;0.013901183347698857;0.6999999999999998;0.75662;0.65500;0.99286;1.4240598477096307
98;1415;0.19672587625056231;0.10470547357638743;0.12480941803271861;0.17886233845461136;0.28788659746555234;0.013500861495923102;0.15966357885655538;0.06073479438457104;0.013901183347698857;0.6999999999999998;0.75662;0.65500;0.99286;1.4240598477096307
99;1430;0.019112322205913142;0.10470547357638743;0.030578246876260616;0.033976789500768954;0.28118848685312614;0.0;0.15966357885655538;0.06073479438457104;0.013901183347698857;0.5082277488504626;0.75662;0.65500;0.99286;1.4240598477096307
100;1442;0.0;0.0;0.0;0.033976789500768954;0.28788659746555234;0.013500861495923102;0.15966357885655538;0.06073479438457104;0.013901183347698857;0.6999999999999998;0.75662;0.65500;0.99286;1.4240598477096307
101;1457;0.019112322205913142;6.876552464256253E-4;0.030578246876260616;0.40838109151257806;0.28788659746555234;0.0946617667194969;0.15966357885655538;0.06073479438457104;0.013901183347698857;0.6999999999999998;0.75662;0.65500;0.99286;1.5579492667894768
102;1471;0.019112322205913142;0.16765887193333262;0.0;0.0;0.28788659746555234;0.013500861495923102;0.15966357885655538;0.06073479438457104;0.013901183347698857;0.6999999999999998;0.75662;0.65500;0.99286;1.5579492667894768
103;1483;0.019112322205913142;0.10470547357638743;0.030578246876260616;0.033976789500768954;0.28788659746555234;0.013500861495923102;0.15966357885655538;0.06073479438457104;0.013901183347698857;0.6999999999999998;0.75662;0.65500;0.99286;1.5579492667894768
104;1496;0.019112322205913142;0.23859489265623346;0.030578246876260616;0.033976789500768954;0.28788659746555234;0.013500861495923102;0.31655106705922526;0.06073479438457104;0.013901183347698857;0.4898779273553259;0.75662;0.65500;0.99286;1.5579492667894768
105;1511;0.019112322205913142;0.10470547357638743;0.030578246876260616;0.033976789500768954;0.28788659746555234;0.013500861495923102;0.15966357885655538;0.06073479438457104;0.013901183347698857;0.6999999999999998;0.75662;0.65500;0.99286;1.5579492667894768
106;1525;0.019112322205913142;0.23859489265623346;0.030578246876260616;0.033976789500768954;0.28788659746555234;0.0;0.15966357885655538;0.06073479438457104;0.013901183347698857;0.6999999999999998;0.75662;0.65500;0.99286;1.5579492667894768
107;1539;0.019112322205913142;0.23859489265623346;0.14504426283992508;0.033976789500768954;0.28788659746555234;0.013500861495923102;0.15966357885655538;0.06073479438457104;0.013901183347698857;0.6999999999999998;0.75662;0.65500;0.99286;1.5579492667894768
108;1553;0.019112322205913142;0.23859489265623346;0.0;0.033976789500768954;0.28788659746555234;0.013500861495923102;0.15966357885655538;0.06073479438457104;0.013901183347698857;0.6999999999999998;0.75662;0.65500;0.99286;1.5579492667894768
109;1568;0.019112322205913142;0.23859489265623346;0.030578246876260616;0.033976789500768954;0.28788659746555234;0.013500861495923102;0.15966357885655538;0.06073479438457104;0.013901183347698857;0.6999999999999998;0.75662;0.65500;0.99286;1.5579492667894768
110;1582;0.019112322205913142;0.23859489265623346;0.030578246876260616;0.0;0.6999999999999998;0.013500861495923102;0.31984679177032327;0.06073479438457104;0.013901183347698857;0.6999999999999998;0.78092;0.69422;0.97143;1.4881868001833611
111;1597;0.019112322205913142;0.23859489265623346;0.030578246876260616;0.033976789500768954;0.21886264414376497;0.013500861495923102;0.15966357885655538;0.06073479438457104;0.19593475478574687;0.5704548562327744;0.78092;0.69422;0.97143;1.4881868001833611
112;1611;0.0;0.23859489265623346;0.030578246876260616;0.1187145317728166;0.28788659746555234;0.013500861495923102;0.14940052228412057;0.0012353843508903783;0.013901183347698857;0.6999999999999998;0.78092;0.69422;0.97143;1.4881868001833611
113;1626;0.019112322205913142;0.23859489265623346;0.030578246876260616;0.13902635101238442;0.28788659746555234;0.013500861495923102;0.0;0.06073479438457104;0.0;0.5552490766826513;0.78092;0.69422;0.97143;1.4881868001833611
114;1639;0.019112322205913142;0.23859489265623346;0.030578246876260616;0.033976789500768954;0.31461642733222706;0.0;0.14166252845395527;0.0012353843508903783;0.0;0.6999999999999998;0.78092;0.69422;0.97143;1.4881868001833611
115;1654;0.019112322205913142;0.23859489265623346;0.030578246876260616;0.033976789500768954;0.0;0.0;0.14940052228412057;0.0012353843508903783;0.013901183347698857;0.6999999999999998;0.78092;0.69422;0.97143;1.5348498742590786
116;1669;0.019112322205913142;0.23859489265623346;0.030578246876260616;0.033976789500768954;0.28788659746555234;0.013500861495923102;0.15966357885655538;0.06073479438457104;0.10755090761864726;0.6999999999999998;0.78092;0.69422;0.97143;1.5348498742590786
117;1684;0.0;0.21690674946295657;0.030578246876260616;0.033976789500768954;0.28788659746555234;0.013500861495923102;0.3126976159019872;0.0012353843508903783;0.0;0.6999999999999998;0.78092;0.69422;0.97143;1.5348498742590786
118;1697;0.019112322205913142;0.23859489265623346;0.030578246876260616;0.033976789500768954;0.28788659746555234;0.013500861495923102;0.14940052228412057;0.0012353843508903783;0.013901183347698857;0.6205089237228832;0.78092;0.69422;0.97143;1.5348498742590786
119;1711;0.05551233970919562;0.23859489265623346;0.030578246876260616;0.0;0.3766021470044147;0.013500861495923102;0.0;0.0012353843508903783;0.0;0.6999999999999998;0.78092;0.69422;0.97143;1.5348498742590786
120;1726;0.05551233970919562;0.49412592794017396;0.0;0.033976789500768954;0.28788659746555234;0.013500861495923102;0.14940052228412057;0.0;0.013901183347698857;0.6759446263030038;0.78092;0.69422;0.97143;1.5348498742590786
121;1739;0.2169203856712848;0.406740706011522;0.030578246876260616;0.033976789500768954;0.181202585220212;0.013500861495923102;0.15966357885655538;0.0012353843508903783;0.013901183347698857;0.6999999999999998;0.78092;0.69422;0.97143;1.5348498742590786
122;1753;0.05551233970919562;0.0;0.030578246876260616;0.033976789500768954;0.28788659746555234;0.013500861495923102;0.15966357885655538;0.0012353843508903783;0.013901183347698857;0.6999999999999998;0.78092;0.69422;0.97143;1.5348498742590786
123;1768;0.05551233970919562;0.23859489265623346;0.030578246876260616;0.033976789500768954;0.28788659746555234;0.013500861495923102;0.0;0.0;0.013901183347698857;0.6999999999999998;0.78092;0.69422;0.97143;1.5348498742590786
124;1782;0.0;0.23859489265623346;0.030578246876260616;0.033976789500768954;0.28788659746555234;0.0;0.05622605877320297;0.0012353843508903783;0.013901183347698857;0.6999999999999998;0.78092;0.69422;0.97143;1.5348498742590786
125;1795;0.05551233970919562;0.23859489265623346;0.030578246876260616;0.033976789500768954;0.28788659746555234;0.0;0.15966357885655538;0.0980579783512961;0.013901183347698857;0.6999999999999998;0.78092;0.69422;0.97143;1.5632559581139542
126;1809;0.05551233970919562;0.23859489265623346;0.030578246876260616;0.033976789500768954;0.1173574114394659;0.013500861495923102;0.10269274095092179;0.0;0.013901183347698857;0.6999999999999998;0.78092;0.69422;0.97143;1.5632559581139542
127;1823;0.05551233970919562;0.26700097651110904;0.030578246876260616;0.0;0.28788659746555234;0.013500861495923102;0.15966357885655538;0.0012353843508903783;0.0;0.6999999999999998;0.78092;0.69422;0.97143;1.5632559581139542
128;1835;0.05551233970919562;0.26700097651110904;0.030578246876260616;0.033976789500768954;0.28788659746555234;0.0;0.15966357885655538;0.0012353843508903783;0.013901183347698857;0.6999999999999998;0.78092;0.69422;0.97143;1.593253130356536
129;1848;0.09372222607084393;0.26700097651110904;0.0736726174867593;0.11708113869628395;0.1394605918264329;0.0;0.15966357885655538;0.0012353843508903783;0.013901183347698857;0.6999999999999998;0.78092;0.69422;0.97143;1.593253130356536
130;1863;0.05551233970919562;0.16972588547261153;0.030578246876260616;0.033976789500768954;0.28788659746555234;0.2963023599001433;0.15966357885655538;0.13450612518439195;0.013901183347698857;0.4318584417021536;0.78150;0.68357;0.99286;1.2959751001343784
131;1878;0.05551233970919562;0.26700097651110904;0.030578246876260616;0.2742958332714655;0.31788376970813437;0.0;0.05186949056011497;0.233214701466043;0.013901183347698857;0.6938779472027702;0.78150;0.68357;0.99286;1.2959751001343784
132;1893;0.05551233970919562;0.26700097651110904;0.030578246876260616;0.0;0.5138901519039578;0.013500861495923102;0.15966357885655538;0.030310083506255588;0.0;0.6999999999999998;0.78150;0.68357;0.99286;1.2959751001343784
133;1907;0.05551233970919562;0.26700097651110904;0.030578246876260616;0.033976789500768954;0.28788659746555234;0.0;0.0;0.022514016748881278;0.013901183347698857;0.17748330829844025;0.78150;0.68357;0.99286;1.5822499173951328
134;1920;0.0;0.26700097651110904;0.030578246876260616;0.033976789500768954;0.28788659746555234;0.013500861495923102;0.15966357885655538;0.022514016748881278;0.013901183347698857;0.4114405096224331;0.78150;0.68357;0.99286;1.5822499173951328
135;1935;0.05551233970919562;0.26700097651110904;0.030578246876260616;0.033976789500768954;0.28788659746555234;0.013500861495923102;0.15966357885655538;0.0;0.0;0.6999999999999998;0.78150;0.68357;0.99286;1.584534590511945
136;1950;0.2475610603035018;0.26700097651110904;0.030578246876260616;0.033976789500768954;0.28788659746555234;0.0;0.18146484298925203;0.022514016748881278;0.013901183347698857;0.6999999999999998;0.78150;0.68357;0.99286;1.614531762754527
137;1965;0.05551233970919562;0.26700097651110904;0.4106301431749777;0.033976789500768954;0.28788659746555234;0.013500861495923102;0.15966357885655538;0.022514016748881278;0.013901183347698857;0.6999999999999998;0.78150;0.68357;0.99286;1.614531762754527
138;1980;0.05551233970919562;0.23960161714413827;0.030578246876260616;0.012828940958609057;0.04016528326858709;0.0;0.19540420508744444;0.022514016748881278;0.013901183347698857;0.6999999999999998;0.78150;0.68357;0.99286;1.614531762754527
139;1993;0.0;0.26700097651110904;0.030578246876260616;0.033976789500768954;0.31788376970813437;0.013500861495923102;0.15966357885655538;0.022514016748881278;0.013901183347698857;0.6999999999999998;0.78150;0.68357;0.99286;1.614531762754527
140;2008;0.05551233970919562;0.49352462921000606;0.030578246876260616;0.033976789500768954;0.31788376970813437;0.013500861495923102;0.15966357885655538;0.022514016748881278;0.013901183347698857;0.6999999999999998;0.78150;0.68357;0.99286;1.614531762754527
141;2022;0.05551233970919562;0.26700097651110904;0.030578246876260616;0.033976789500768954;0.31788376970813437;0.0;0.15966357885655538;0.022514016748881278;0.013901183347698857;0.6999999999999998;0.78150;0.68357;0.99286;1.614531762754527
142;2036;0.05551233970919562;0.26700097651110904;0.030578246876260616;0.0;0.41374223854661585;0.19899315792389433;0.15966357885655538;0.022514016748881278;0.013901183347698857;0.6999999999999998;0.78150;0.68357;0.99286;1.614531762754527
143;2050;0.05551233970919562;0.26757620518743086;0.0;0.033976789500768954;0.31788376970813437;0.013500861495923102;0.15966357885655538;0.022514016748881278;0.013901183347698857;0.6999999999999998;0.78150;0.68357;0.99286;1.614531762754527
144;2064;0.05551233970919562;0.26700097651110904;0.030578246876260616;0.033976789500768954;0.29093373113851717;0.013500861495923102;0.15966357885655538;0.0;0.013901183347698857;0.6999999999999998;0.78150;0.68357;0.99286;1.614531762754527
145;2079;0.05551233970919562;0.26700097651110904;0.030578246876260616;0.033976789500768954;0.31788376970813437;0.013500861495923102;0.0;0.022514016748881278;0.013901183347698857;0.6999999999999998;0.78150;0.68357;0.99286;1.614531762754527
146;2093;0.05551233970919562;0.26700097651110904;0.030578246876260616;0.033976789500768954;0.31788376970813437;0.013500861495923102;0.15966357885655538;0.022514016748881278;0.013901183347698857;0.6999999999999998;0.78150;0.68357;0.99286;1.614531762754527
147;2106;0.0;0.11849636910757971;0.0;0.0;0.31788376970813437;0.013500861495923102;0.15966357885655538;0.022514016748881278;0.013901183347698857;0.6999999999999998;0.78150;0.68357;0.99286;1.614531762754527
148;2120;0.0;0.26700097651110904;0.030578246876260616;0.033976789500768954;0.31788376970813437;0.013500861495923102;0.15966357885655538;0.022514016748881278;0.013901183347698857;0.6999999999999998;0.78150;0.68357;0.99286;1.614531762754527
149;2135;0.05551233970919562;0.26700097651110904;0.030578246876260616;0.033976789500768954;0.31788376970813437;0.013500861495923102;0.15966357885655538;0.022514016748881278;0.013901183347698857;0.6999999999999998;0.78150;0.68357;0.99286;1.614531762754527
150;2148;0.05551233970919562;0.26700097651110904;0.030578246876260616;0.0;0.31788376970813437;0.0;0.15966357885655538;0.022514016748881278;0.3640910601552193;0.6999999999999998;0.78150;0.68357;0.99286;1.6508967004271426
151;2162;0.048032031676074186;0.26700097651110904;0.030578246876260616;0.0;0.465942646311962;0.0;0.30178430733774403;0.022514016748881278;0.013901183347698857;0.6999999999999998;0.78150;0.68357;0.99286;1.614531762754527
152;2176;0.05551233970919562;0.26700097651110904;0.030578246876260616;0.0;0.31788376970813437;0.04918978551247009;0.15966357885655538;0.022514016748881278;0.013901183347698857;0.6999999999999998;0.78150;0.68357;0.99286;1.614531762754527
153;2191;0.05551233970919562;0.13706730768145295;0.030578246876260616;0.0;0.31788376970813437;0.013500861495923102;0.3638577661814938;0.0;0.013901183347698857;0.6999999999999998;0.78388;0.68697;0.99286;1.5723275734185769
154;2204;0.0;0.26700097651110904;0.030578246876260616;0.033976789500768954;0.31788376970813437;0.013500861495923102;0.15966357885655538;0.022514016748881278;0.013901183347698857;0.6999999999999998;0.78388;0.68697;0.99286;1.5723275734185769
155;2219;0.05551233970919562;0.26700097651110904;0.030578246876260616;0.07919260196791243;0.44374743331082267;0.0;0.3550395346652016;0.0;0.02346720351437643;0.6999999999999998;0.78388;0.68697;0.99286;1.5723275734185769
156;2232;0.013308150373245425;0.13755678774674485;0.15643518222415076;0.033976789500768954;0.5072248456455984;0.2605903568098634;0.15966357885655538;0.022514016748881278;0.22418950454167458;0.6999999999999998;0.78388;0.68697;0.99286;1.5723275734185769
157;2245;0.013308150373245425;0.26700097651110904;0.0;0.033976789500768954;0.31788376970813437;0.013500861495923102;0.15966357885655538;0.022514016748881278;0.013901183347698857;0.6999999999999998;0.78388;0.68697;0.99286;1.5723275734185769
158;2260;0.1334571994128796;0.26700097651110904;0.0;0.033976789500768954;0.4341500722417553;0.013500861495923102;0.1603846162843407;0.022514016748881278;0.07922547080464605;0.6999999999999998;0.78388;0.68697;0.99286;1.5723275734185769
159;2275;0.013308150373245425;0.26700097651110904;0.0;0.033976789500768954;0.31788376970813437;0.0;0.15966357885655538;0.0;0.013901183347698857;0.6999999999999998;0.78388;0.68697;0.99286;1.5723275734185769
160;2290;0.013308150373245425;0.26700097651110904;0.0;0.033976789500768954;0.31788376970813437;0.013500861495923102;0.15966357885655538;0.022514016748881278;0.013901183347698857;0.6999999999999998;0.78388;0.68697;0.99286;1.5723275734185769
161;2303;0.013308150373245425;0.26700097651110904;0.17838941348106982;0.033976789500768954;0.4516972870784404;0.0;0.15966357885655538;0.022514016748881278;0.013901183347698857;0.6999999999999998;0.78388;0.68697;0.99286;1.5723275734185769
162;2318;0.013308150373245425;0.26700097651110904;0.030578246876260616;0.033976789500768954;0.2921264149307667;0.0;0.15966357885655538;0.022514016748881278;0.013901183347698857;0.6999999999999998;0.78388;0.68697;0.99286;1.5723275734185769
163;2331;0.013308150373245425;0.24177251654363568;0.030578246876260616;0.0;0.28139127096324423;0.013500861495923102;0.15966357885655538;0.022514016748881278;0.013901183347698857;0.6999999999999998;0.78388;0.68697;0.99286;1.5723275734185769
164;2346;0.0;0.26700097651110904;0.013227115577351456;0.033976789500768954;0.31788376970813437;0.013500861495923102;0.3417949433672238;0.0;0.013901183347698857;0.6999999999999998;0.78388;0.68697;0.99286;1.5723275734185769
165;2361;0.013308150373245425;0.26700097651110904;0.030578246876260616;0.033976789500768954;0.31788376970813437;0.013500861495923102;0.15966357885655538;0.0;0.013901183347698857;0.6999999999999998;0.78388;0.68697;0.99286;1.5723275734185769
166;2376;0.013308150373245425;0.26700097651110904;0.0;0.05818407746785406;0.31788376970813437;0.0;0.5781345418228802;0.022514016748881278;0.17246823941632936;0.6999999999999998;0.78388;0.68697;0.99286;1.5723275734185769
167;2391;0.013308150373245425;0.26700097651110904;0.030578246876260616;0.033976789500768954;0.31788376970813437;0.013500861495923102;0.15966357885655538;0.022514016748881278;0.013901183347698857;0.6999999999999998;0.78388;0.68697;0.99286;1.5723275734185769
168;2406;0.0;0.26700097651110904;0.3384601873160492;0.033976789500768954;0.31788376970813437;0.0;0.15966357885655538;0.0;0.013901183347698857;0.6999999999999998;0.78388;0.68697;0.99286;1.5723275734185769
169;2419;0.013308150373245425;0.26700097651110904;0.030578246876260616;0.033976789500768954;0.31788376970813437;0.0;0.37212966136494174;0.030809470092888917;0.013901183347698857;0.6999999999999998;0.78388;0.68697;0.99286;1.5723275734185769
170;2434;0.013308150373245425;0.26700097651110904;0.030578246876260616;0.033976789500768954;0.31788376970813437;0.013500861495923102;0.24252323599912906;0.022514016748881278;0.0;0.6999999999999998;0.78388;0.68697;0.99286;1.5723275734185769
171;2448;0.1275722519868127;0.33795903581531245;0.030578246876260616;0.2777813603422974;0.31788376970813437;0.013500861495923102;0.15966357885655538;0.022514016748881278;0.013901183347698857;0.4642937131478185;0.78388;0.68697;0.99286;1.5723275734185769
172;2462;0.14361983974922463;0.077324108420424;0.030578246876260616;0.0;0.31788376970813437;0.013500861495923102;0.11688707152839792;0.16272564779417503;0.013901183347698857;0.6999999999999998;0.78388;0.68697;0.99286;1.5723275734185769
173;2475;0.013308150373245425;0.26700097651110904;0.0;0.033976789500768954;0.31788376970813437;0.013500861495923102;0.0;0.022514016748881278;0.07755412029495931;0.6999999999999998;0.78388;0.68697;0.99286;1.5723275734185769
174;2490;0.005754474696885367;0.3399889364871601;0.2592922423110616;0.033976789500768954;0.31788376970813437;0.013500861495923102;0.15966357885655538;0.022514016748881278;0.013901183347698857;0.6999999999999998;0.78484;0.68785;0.99286;1.3816539113162318
175;2503;0.013308150373245425;0.26700097651110904;0.030578246876260616;0.033976789500768954;0.12721010760578952;0.013500861495923102;0.15966357885655538;0.0;0.0;0.4914461137291182;0.78484;0.68785;0.99286;1.3816539113162318
176;2518;0.1123289551175627;0.49789827138805764;0.0;0.28023347581732383;0.1285236764621706;0.0;0.15966357885655538;0.022514016748881278;0.013901183347698857;0.6999999999999998;0.78484;0.68785;0.99286;1.3816539113162318
177;2533;0.13850040967576718;0.26700097651110904;0.07848865362493243;0.033976789500768954;0.12721010760578952;0.013500861495923102;0.15966357885655538;0.022514016748881278;0.013901183347698857;0.6999999999999998;0.78484;0.68785;0.99286;1.3816539113162318
178;2545;0.013308150373245425;0.26700097651110904;0.030578246876260616;0.0;0.12721010760578952;0.1571515041050284;0.15966357885655538;0.022514016748881278;0.013901183347698857;0.6999999999999998;0.78484;0.68785;0.99286;1.3816539113162318
179;2560;0.013308150373245425;0.26700097651110904;0.030578246876260616;0.033976789500768954;0.12721010760578952;0.013500861495923102;0.15966357885655538;0.022514016748881278;0.013901183347698857;0.6999999999999998;0.78484;0.68785;0.99286;1.3816539113162318
180;2574;0.013308150373245425;0.26700097651110904;0.0;0.033976789500768954;0.12721010760578952;0.013500861495923102;0.15966357885655538;0.022514016748881278;0.0;0.5786130073781297;0.78484;0.68785;0.99286;1.3816539113162318
181;2587;0.013308150373245425;0.26700097651110904;0.030578246876260616;0.033976789500768954;0.12721010760578952;0.0;0.15966357885655538;0.022514016748881278;0.013901183347698857;0.6999999999999998;0.78586;0.68879;0.99286;1.3737620081255462
182;2602;0.0;0.26700097651110904;0.030578246876260616;0.033976789500768954;0.12721010760578952;0.0;0.15966357885655538;0.022514016748881278;0.013901183347698857;0.6999999999999998;0.78586;0.68879;0.99286;1.3737620081255462
183;2617;0.013308150373245425;0.26700097651110904;0.030578246876260616;0.21038540372595702;0.12721010760578952;0.0;0.15966357885655538;0.022514016748881278;0.013901183347698857;0.6999999999999998;0.78586;0.68879;0.99286;1.3737620081255462
184;2630;0.013308150373245425;0.26700097651110904;0.10947334264314387;0.0;0.0;0.013500861495923102;0.11974063209481828;0.022514016748881278;0.013901183347698857;0.6999999999999998;0.78586;0.68879;0.99286;1.3737620081255462
185;2644;0.013308150373245425;0.26700097651110904;0.0;0.033976789500768954;0.11931820441510381;0.013500861495923102;0.15966357885655538;0.022514016748881278;0.013901183347698857;0.6035502349506985;0.78586;0.68879;0.99286;1.3737620081255462
186;2658;0.013308150373245425;0.26700097651110904;0.030578246876260616;0.033976789500768954;0.11931820441510381;0.013500861495923102;0.15966357885655538;0.022514016748881278;0.0;0.6999999999999998;0.78586;0.68879;0.99286;1.3737620081255462
187;2673;0.013308150373245425;0.26700097651110904;0.030578246876260616;0.033976789500768954;0.11931820441510381;0.1973222251585115;0.26341756621208223;0.2807318411726503;0.0;0.6999999999999998;0.80183;0.71161;0.98571;1.242510516137116
188;2688;0.013308150373245425;0.33007311123261374;0.0;0.0;0.11931820441510381;0.013500861495923102;0.15966357885655538;0.022514016748881278;0.013901183347698857;0.6999999999999998;0.80183;0.71161;0.98571;1.242510516137116
189;2701;0.013308150373245425;0.26700097651110904;0.030578246876260616;0.033976789500768954;0.11931820441510381;0.013500861495923102;0.0;0.022514016748881278;0.013901183347698857;0.6999999999999998;0.80183;0.71161;0.98571;1.242510516137116
190;2715;0.013308150373245425;0.26700097651110904;0.0;0.11290138218572318;0.18294677944378962;0.04971459922768388;0.15966357885655538;0.022514016748881278;0.2630229366180056;0.6999999999999998;0.80183;0.71161;0.98571;1.242510516137116
191;2729;0.0;0.26700097651110904;0.030578246876260616;0.06743479423461674;0.0;0.013500861495923102;0.15966357885655538;0.022514016748881278;0.013901183347698857;0.6999999999999998;0.80183;0.71161;0.98571;1.242510516137116
192;2744;0.013308150373245425;0.26700097651110904;0.0;0.0;0.0;0.013500861495923102;0.15966357885655538;0.022514016748881278;0.08830381106167985;0.6999999999999998;0.80183;0.71161;0.98571;1.242510516137116
193;2757;0.013308150373245425;0.26700097651110904;0.030578246876260616;0.009828792256378744;0.012214709671063709;0.013500861495923102;0.15966357885655538;0.1721799643472254;0.013901183347698857;0.6999999999999998;0.80183;0.71161;0.98571;1.242510516137116
194;2770;0.013308150373245425;0.26700097651110904;0.030578246876260616;0.0284730939175801;0.012214709671063709;0.013500861495923102;0.15966357885655538;0.022514016748881278;0.013901183347698857;0.6999999999999998;0.80183;0.71161;0.98571;1.2773695607189302
195;2784;0.04816719495505946;0.26700097651110904;0.0;0.009828792256378744;0.012214709671063709;0.013500861495923102;0.15966357885655538;0.022514016748881278;0.013901183347698857;0.6999999999999998;0.80183;0.71161;0.98571;1.2773695607189302
196;2799;0.013308150373245425;0.26700097651110904;0.030578246876260616;0.009828792256378744;0.0;0.0;0.15966357885655538;0.13842500988223114;0.19597559347490384;0.6999999999999998;0.80183;0.71161;0.98571;1.2773695607189302
197;2814;0.16094824247703918;0.26700097651110904;0.19625720965872023;0.0;0.012214709671063709;0.013500861495923102;0.15966357885655538;0.022514016748881278;0.013901183347698857;0.6999999999999998;0.80183;0.71161;0.98571;1.2773695607189302
198;2828;0.04816719495505946;0.26700097651110904;0.030578246876260616;0.009828792256378744;0.012214709671063709;0.20930557988036352;0.15966357885655538;0.022514016748881278;0.013901183347698857;0.6999999999999998;0.80183;0.71161;0.98571;1.2773695607189302
199;2843;0.0;0.3010700724875637;0.030578246876260616;0.009828792256378744;0.012214709671063709;0.013500861495923102;0.15966357885655538;0.022514016748881278;0.013901183347698857;0.6999999999999998;0.80183;0.71161;0.98571;1.6652219998703583
200;2857;0.04816719495505946;0.26700097651110904;0.030578246876260616;0.009828792256378744;0.012214709671063709;0.013500861495923102;0.15966357885655538;0.0;0.013901183347698857;0.6999999999999998;0.80183;0.71161;0.98571;1.6652219998703583
201;2872;0.04816719495505946;0.26700097651110904;0.06212496908008147;0.009828792256378744;0.0;0.0;0.5475160180079838;0.022514016748881278;0.013901183347698857;0.6999999999999998;0.80183;0.71161;0.98571;1.6652219998703583
202;2887;0.04816719495505946;0.26700097651110904;0.030578246876260616;0.009828792256378744;0.012214709671063709;0.013500861495923102;0.15966357885655538;0.022514016748881278;0.013901183347698857;0.6999999999999998;0.80183;0.71161;0.98571;1.6652219998703583
203;2902;0.04816719495505946;0.26700097651110904;0.008005291981756292;0.05570951464324575;0.012214709671063709;0.013500861495923102;0.5475160180079838;0.0;0.013901183347698857;0.6999999999999998;0.80183;0.71161;0.98571;1.6652219998703583
204;2915;0.0;0.26700097651110904;0.0;0.009828792256378744;0.0;0.013500861495923102;0.5475160180079838;0.022514016748881278;0.22752309704094684;0.6999999999999998;0.80183;0.71161;0.98571;1.6652219998703583
205;2930;0.3773385108000909;0.26700097651110904;0.0;0.47131808571246325;0.012214709671063709;0.013500861495923102;0.5475160180079838;0.022514016748881278;0.013901183347698857;0.6999999999999998;0.80183;0.71161;0.98571;1.6652219998703583
206;2945;0.08180800052291107;0.26700097651110904;0.0;0.009828792256378744;0.012214709671063709;0.013500861495923102;0.5475160180079838;0.022514016748881278;0.013901183347698857;0.6999999999999998;0.80183;0.71161;0.98571;1.6652219998703583
207;2956;0.04816719495505946;0.26700097651110904;0.030578246876260616;0.0;0.012214709671063709;0.013500861495923102;0.5475160180079838;0.022514016748881278;0.017471867527699594;0.6999999999999998;0.80183;0.71161;0.98571;1.6652219998703583
208;2970;0.04816719495505946;0.26700097651110904;0.0;0.009828792256378744;0.0;0.013500861495923102;0.6999999999999998;0.0;0.013901183347698857;0.6999999999999998;0.80183;0.71161;0.98571;1.6652219998703583
209;2985;0.04816719495505946;0.26700097651110904;0.0;0.0264569694367641;0.012214709671063709;0.013500861495923102;0.5475160180079838;0.022514016748881278;0.013901183347698857;0.6999999999999998;0.80183;0.71161;0.98571;1.6652219998703583
210;2999;0.0;0.26700097651110904;0.0;0.0;0.012214709671063709;0.013500861495923102;0.5475160180079838;0.022514016748881278;0.013901183347698857;0.6999999999999998;0.80183;0.71161;0.98571;1.6652219998703583
211;3013;0.04816719495505946;0.26700097651110904;0.20880068800715312;0.0;0.012214709671063709;0.013500861495923102;0.5475160180079838;0.022514016748881278;0.013901183347698857;0.6999999999999998;0.80183;0.71161;0.98571;1.6652219998703583
212;3027;0.1622776606032606;0.26700097651110904;0.030578246876260616;0.009828792256378744;0.10264438273411985;0.013500861495923102;0.5475160180079838;0.022514016748881278;0.013901183347698857;0.6999999999999998;0.80183;0.71161;0.98571;1.8177059818623746
213;3040;0.04816719495505946;0.26700097651110904;0.030578246876260616;0.009828792256378744;0.0;0.0;0.6999999999999998;0.022514016748881278;0.0;0.6999999999999998;0.80183;0.71161;0.98571;1.8177059818623746
214;3055;0.04816719495505946;0.26700097651110904;0.030578246876260616;0.009828792256378744;0.14222510247189246;0.0;0.5475160180079838;0.0;0.013901183347698857;0.6999999999999998;0.80183;0.71161;0.98571;1.8177059818623746
215;3069;0.04816719495505946;0.14587296504173317;0.030578246876260616;0.009828792256378744;0.0;0.013500861495923102;0.6999999999999998;0.0;0.24364591535377553;0.6999999999999998;0.80183;0.71161;0.98571;1.8177059818623746
216;3084;0.04816719495505946;0.26700097651110904;0.030578246876260616;0.009828792256378744;0.012214709671063709;0.013500861495923102;0.6999999999999998;0.022514016748881278;0.013901183347698857;0.6999999999999998;0.80183;0.71161;0.98571;1.8177059818623746
217;3098;0.04816719495505946;0.26700097651110904;0.030578246876260616;0.009828792256378744;0.012214709671063709;0.013500861495923102;0.6999999999999998;0.022514016748881278;0.013901183347698857;0.6999999999999998;0.80183;0.71161;0.98571;1.8177059818623746
218;3113;0.04816719495505946;0.26700097651110904;0.030578246876260616;0.009828792256378744;0.012214709671063709;0.013500861495923102;0.6999999999999998;0.0;0.0;0.37851000070251756;0.80183;0.71161;0.98571;1.8177059818623746
219;3127;0.04816719495505946;0.26700097651110904;0.030578246876260616;0.009828792256378744;0.012214709671063709;0.013500861495923102;0.6999999999999998;0.022514016748881278;0.013901183347698857;0.6999999999999998;0.80183;0.71161;0.98571;1.8177059818623746
220;3142;0.04816719495505946;0.2734468828602598;0.0;0.009828792256378744;0.012214709671063709;0.013500861495923102;0.6999999999999998;0.022514016748881278;0.013901183347698857;0.6999999999999998;0.80183;0.71161;0.98571;1.8177059818623746
221;3157;0.04816719495505946;0.26700097651110904;0.0;0.2238014591306965;0.0;0.31039344538285807;0.6999999999999998;0.022514016748881278;0.0;0.6999999999999998;0.80183;0.71161;0.98571;1.8177059818623746
222;3171;0.0;0.26700097651110904;0.0;0.009828792256378744;0.012214709671063709;0.013500861495923102;0.6999999999999998;0.022514016748881278;0.013901183347698857;0.6999999999999998;0.80183;0.71161;0.98571;1.8177059818623746
223;3185;0.04816719495505946;0.26700097651110904;0.030578246876260616;0.009828792256378744;0.012214709671063709;0.013500861495923102;0.6999999999999998;0.022514016748881278;0.013901183347698857;0.6999999999999998;0.80183;0.71161;0.98571;1.8177059818623746
224;3200;0.0;0.26700097651110904;0.0;0.009828792256378744;0.012214709671063709;0.013500861495923102;0.6999999999999998;0.022514016748881278;0.013901183347698857;0.6999999999999998;0.80183;0.71161;0.98571;1.8177059818623746
225;3213;0.04816719495505946;0.26700097651110904;0.030578246876260616;0.009828792256378744;0.012214709671063709;0.013500861495923102;0.6937857773202173;0.0;0.013901183347698857;0.6999999999999998;0.80183;0.71161;0.98571;1.8177059818623746
226;3228;0.04816719495505946;0.26700097651110904;0.030578246876260616;0.009828792256378744;0.012214709671063709;0.013500861495923102;0.4455455208563337;0.022514016748881278;0.013901183347698857;0.6999999999999998;0.80183;0.71161;0.98571;1.8177059818623746
227;3243;0.04816719495505946;0.0;0.030578246876260616;0.03521172244216218;0.012214709671063709;0.013500861495923102;0.6999999999999998;0.022514016748881278;0.013901183347698857;0.6999999999999998;0.80183;0.71161;0.98571;1.8177059818623746
228;3257;0.04816719495505946;0.3762441560800692;0.030578246876260616;0.009828792256378744;0.012214709671063709;0.20895028099029087;0.6999999999999998;0.022514016748881278;0.013901183347698857;0.6999999999999998;0.80183;0.71161;0.98571;1.8177059818623746
229;3272;0.12083457619614707;0.26700097651110904;0.030578246876260616;0.009828792256378744;0.012214709671063709;0.013500861495923102;0.6999999999999998;0.0;0.013901183347698857;0.6999999999999998;0.80200;0.71172;0.98571;1.8055954440535493
230;3286;0.0;0.0;0.030578246876260616;0.009828792256378744;0.012214709671063709;0.11599840925782963;0.6999999999999998;0.022514016748881278;0.013901183347698857;0.6999999999999998;0.80200;0.71172;0.98571;1.8055954440535493
231;3300;0.04816719495505946;0.26700097651110904;0.030578246876260616;0.009828792256378744;0.2135546871546789;0.013500861495923102;0.6999999999999998;0.0;0.0;0.6999999999999998;0.80200;0.71172;0.98571;1.8055954440535493
232;3315;0.04816719495505946;0.26700097651110904;0.0;0.009828792256378744;0.09305373931596196;0.013500861495923102;0.6999999999999998;0.010403478940055975;0.013901183347698857;0.6999999999999998;0.80200;0.71172;0.98571;1.8055954440535493
233;3328;0.04816719495505946;0.26700097651110904;0.030578246876260616;0.012512327419566463;0.24959009713317482;0.013500861495923102;0.6999999999999998;0.019661866605183553;0.013901183347698857;0.6999999999999998;0.80200;0.71172;0.98571;1.8055954440535493
234;3342;0.04816719495505946;0.26700097651110904;0.0;0.012142909685784352;0.012214709671063709;0.013500861495923102;0.6999999999999998;0.21179016334744236;0.013901183347698857;0.6999999999999998;0.80200;0.71172;0.98571;1.8055954440535493
235;3357;0.04816719495505946;0.26700097651110904;0.030578246876260616;0.009828792256378744;0.012214709671063709;0.0;0.6999999999999998;0.24496519039781214;0.013901183347698857;0.6999999999999998;0.80200;0.71172;0.98571;1.8055954440535493
236;3370;0.04816719495505946;0.26700097651110904;0.030578246876260616;0.009828792256378744;0.012214709671063709;0.013500861495923102;0.6999999999999998;0.010403478940055975;0.013901183347698857;0.6999999999999998;0.80200;0.71172;0.98571;1.8055954440535493
237;3384;0.04816719495505946;0.26700097651110904;0.030578246876260616;0.009828792256378744;0.012214709671063709;0.013500861495923102;0.6999999999999998;0.010403478940055975;0.013901183347698857;0.6999999999999998;0.80200;0.71172;0.98571;1.8055954440535493
238;3397;0.0;0.26700097651110904;0.015506880979526643;0.009828792256378744;0.012214709671063709;0.013500861495923102;0.6999999999999998;0.010403478940055975;0.013901183347698857;0.6999999999999998;0.80200;0.71172;0.98571;1.8055954440535493
239;3412;0.17455241585356163;0.0;0.030578246876260616;0.009828792256378744;0.012214709671063709;0.013500861495923102;0.6999999999999998;0.010403478940055975;0.013901183347698857;0.6999999999999998;0.80200;0.71172;0.98571;1.8055954440535493
240;3426;0.04816719495505946;0.26700097651110904;0.030578246876260616;0.009828792256378744;0.07545904027185393;0.0;0.6999999999999998;0.010403478940055975;0.013901183347698857;0.6999999999999998;0.80200;0.71172;0.98571;1.8055954440535493
241;3440;0.08189609010123443;0.4856685542066611;0.030578246876260616;0.009828792256378744;0.012214709671063709;0.013500861495923102;0.6999999999999998;0.010403478940055975;0.013901183347698857;0.6999999999999998;0.80200;0.71172;0.98571;1.8055954440535493
242;3454;0.04816719495505946;0.26700097651110904;0.030578246876260616;0.009828792256378744;0.012214709671063709;0.03835435075317321;0.6999999999999998;0.010403478940055975;0.0;0.5242750088147204;0.80200;0.71172;0.98571;1.8055954440535493
243;3467;0.04816719495505946;0.26700097651110904;0.030578246876260616;0.009828792256378744;0.012214709671063709;0.013500861495923102;0.5538775417792029;0.0;0.0;0.6999999999999998;0.80200;0.71172;0.98571;1.8055954440535493
244;3481;0.04816719495505946;0.26700097651110904;0.0;0.009828792256378744;0.012214709671063709;0.013500861495923102;0.6999999999999998;0.010403478940055975;0.253987112463644;0.6999999999999998;0.80200;0.71172;0.98571;1.8055954440535493
245;3494;0.04816719495505946;0.26700097651110904;0.10609121233034868;0.009828792256378744;0.13860786568877265;0.015178246083074777;0.6999999999999998;0.010403478940055975;0.013901183347698857;0.6999999999999998;0.80200;0.71172;0.98571;1.8055954440535493
246;3508;0.04816719495505946;0.26700097651110904;0.22379697727222822;0.009828792256378744;0.0;0.013500861495923102;0.6359746366496316;0.010403478940055975;0.013901183347698857;0.6999999999999998;0.80200;0.71172;0.98571;1.8055954440535493
247;3520;0.04816719495505946;0.26700097651110904;0.030578246876260616;0.009828792256378744;0.18735041418944492;0.013500861495923102;0.6999999999999998;0.0;0.013901183347698857;0.6999999999999998;0.80200;0.71172;0.98571;1.8055954440535493
248;3534;0.16613620079094998;0.37108801924713614;0.030578246876260616;0.009828792256378744;0.12815172931722796;0.0;0.6999999999999998;0.0;0.013901183347698857;0.6999999999999998;0.80200;0.71172;0.98571;1.8055954440535493
249;3548;0.04816719495505946;0.26700097651110904;0.0;0.009828792256378744;0.012214709671063709;0.013500861495923102;0.6999999999999998;0.010403478940055975;0.013901183347698857;0.6999999999999998;0.80200;0.71172;0.98571;1.8055954440535493
250;3562;0.0;0.26700097651110904;0.0;0.0;0.0;0.11416119251825585;0.6999999999999998;0.010403478940055975;0.0;0.6827699294869751;0.80200;0.71172;0.98571;1.8055954440535493
251;3577;0.04816719495505946;0.26700097651110904;0.0;0.009828792256378744;0.012214709671063709;0.013500861495923102;0.6251241971942642;0.010403478940055975;0.013901183347698857;0.5038010635669938;0.80200;0.71172;0.98571;1.8055954440535493
252;3592;0.04816719495505946;0.26700097651110904;0.030578246876260616;0.009828792256378744;0.012214709671063709;0.013500861495923102;0.6999999999999998;0.0;0.013901183347698857;0.6999999999999998;0.80200;0.71172;0.98571;1.8055954440535493
253;3607;0.03333020344995841;0.26700097651110904;0.030578246876260616;0.009828792256378744;0.012214709671063709;0.013500861495923102;0.6999999999999998;0.010403478940055975;0.013901183347698857;0.6999999999999998;0.80200;0.71172;0.98571;1.8055954440535493
254;3622;0.04816719495505946;0.26700097651110904;0.030578246876260616;0.009828792256378744;0.012214709671063709;0.013500861495923102;0.50976543213801;0.0;0.013901183347698857;0.6999999999999998;0.80200;0.71172;0.98571;1.8055954440535493
255;3637;0.04816719495505946;0.1493021005555184;0.06188900236632471;0.009828792256378744;0.012214709671063709;0.013500861495923102;0.6999999999999998;0.010403478940055975;0.013901183347698857;0.6999999999999998;0.80200;0.71172;0.98571;1.8055954440535493
256;3650;0.04816719495505946;0.26700097651110904;0.030578246876260616;0.009828792256378744;0.012214709671063709;0.013500861495923102;0.6999999999999998;0.010403478940055975;0.013901183347698857;0.6999999999999998;0.80200;0.71172;0.98571;1.8055954440535493
257;3664;0.04816719495505946;0.26700097651110904;0.030578246876260616;0.3775019423454158;0.0;0.1525460136821031;0.6999999999999998;0.010403478940055975;0.013901183347698857;0.6999999999999998;0.80200;0.71172;0.98571;1.8055954440535493
258;3678;0.2892073644358103;0.26700097651110904;0.030578246876260616;0.009828792256378744;0.012214709671063709;0.013500861495923102;0.6999999999999998;0.010403478940055975;0.013901183347698857;0.6999999999999998;0.80200;0.71172;0.98571;1.8055954440535493
259;3692;0.0;0.26700097651110904;0.030578246876260616;0.009828792256378744;0.0;0.013500861495923102;0.6999999999999998;0.010403478940055975;0.013901183347698857;0.6999999999999998;0.80200;0.71172;0.98571;1.8055954440535493
260;3707;0.04816719495505946;0.26700097651110904;0.030578246876260616;0.0;0.0;0.013500861495923102;0.42077385163547887;0.010403478940055975;0.013901183347698857;0.6999999999999998;0.80200;0.71172;0.98571;1.8055954440535493
261;3721;0.04816719495505946;0.26700097651110904;0.0;0.0;0.0;0.013500861495923102;0.6999999999999998;0.010403478940055975;0.013901183347698857;0.6999999999999998;0.80200;0.71172;0.98571;1.8055954440535493
262;3735;0.004894880001130225;0.26700097651110904;0.030578246876260616;0.009828792256378744;0.07256926661330505;0.013500861495923102;0.6999999999999998;0.0;0.013901183347698857;0.33403917304246794;0.80200;0.71172;0.98571;1.8055954440535493
263;3749;0.0;0.3739502806302529;0.030578246876260616;0.009828792256378744;0.012214709671063709;0.0;0.6999999999999998;0.029687542972335827;0.0;0.6999999999999998;0.80200;0.71172;0.98571;1.8055954440535493
264;3764;0.04816719495505946;0.26700097651110904;0.030578246876260616;0.009828792256378744;0.012214709671063709;0.013500861495923102;0.6999999999999998;0.010403478940055975;0.013901183347698857;0.6999999999999998;0.80200;0.71172;0.98571;1.8055954440535493
265;3776;0.04816719495505946;0.26700097651110904;0.030578246876260616;0.009828792256378744;0.0;0.0;0.4284701476210252;0.010403478940055975;0.013901183347698857;0.6999999999999998;0.80200;0.71172;0.98571;1.8055954440535493
266;3790;0.04816719495505946;0.26700097651110904;0.030578246876260616;0.009828792256378744;0.0;0.013500861495923102;0.6999999999999998;0.010403478940055975;0.021317482235820813;0.6999999999999998;0.80200;0.71172;0.98571;1.8055954440535493
267;3804;0.04816719495505946;0.26700097651110904;0.0;0.009828792256378744;0.012214709671063709;0.013500861495923102;0.6999999999999998;0.010403478940055975;0.013901183347698857;0.6999999999999998;0.80200;0.71172;0.98571;1.8055954440535493
268;3818;0.04816719495505946;0.26700097651110904;0.030578246876260616;0.009828792256378744;0.012214709671063709;0.013500861495923102;0.6999999999999998;0.010403478940055975;0.013901183347698857;0.6999999999999998;0.80200;0.71172;0.98571;1.8055954440535493
269;3832;0.0;0.5105795766271493;0.030578246876260616;0.009828792256378744;0.012214709671063709;0.4702876703543103;0.6374548904816894;0.010403478940055975;0.013901183347698857;0.6999999999999998;0.80200;0.71172;0.98571;1.8055954440535493
270;3846;0.04816719495505946;0.26700097651110904;0.030578246876260616;0.0;0.012214709671063709;0.013500861495923102;0.6999999999999998;0.010403478940055975;0.013901183347698857;0.6999999999999998;0.80200;0.71172;0.98571;1.8055954440535493
271;3860;0.04816719495505946;0.26700097651110904;0.030578246876260616;0.0;0.012214709671063709;0.013500861495923102;0.6999999999999998;0.010403478940055975;0.013901183347698857;0.6999999999999998;0.80200;0.71172;0.98571;1.8055954440535493
272;3875;0.04816719495505946;0.26700097651110904;0.0;0.009828792256378744;0.0;0.013500861495923102;0.6999999999999998;0.0;0.013901183347698857;0.6999999999999998;0.80200;0.71172;0.98571;1.8055954440535493
273;3888;0.04816719495505946;0.26700097651110904;0.005322507482711996;0.009828792256378744;0.012214709671063709;0.0;0.5529929590788281;0.010403478940055975;0.013901183347698857;0.6999999999999998;0.80200;0.71172;0.98571;1.8055954440535493
274;3903;0.04816719495505946;0.26700097651110904;0.030578246876260616;0.0011427874121917835;0.012214709671063709;0.013500861495923102;0.6999999999999998;0.010403478940055975;0.013901183347698857;0.6999999999999998;0.80200;0.71172;0.98571;1.8055954440535493
275;3915;0.0;0.26700097651110904;0.030578246876260616;0.0;0.012214709671063709;0.013500861495923102;0.6999999999999998;0.0;0.21096231955899272;0.6999999999999998;0.80200;0.71172;0.98571;1.8055954440535493
276;3929;0.04816719495505946;0.26700097651110904;0.0;0.009828792256378744;0.0;0.013500861495923102;0.6919386417025547;0.010403478940055975;0.013901183347698857;0.6999999999999998;0.80200;0.71172;0.98571;1.8055954440535493
277;3942;0.1000513951447074;0.18949741262415676;0.0;0.44742893673004314;0.0;0.0;0.45594414409967154;0.010403478940055975;0.013901183347698857;0.6999999999999998;0.80200;0.71172;0.98571;1.8055954440535493
278;3957;0.0;0.2648755378313205;0.030578246876260616;0.009828792256378744;0.042395667267754136;0.013500861495923102;0.6999999999999998;0.010403478940055975;0.013901183347698857;0.6999999999999998;0.80288;0.70822;0.99286;1.62871559330557
279;3971;0.0;0.26700097651110904;0.0;0.0;0.012214709671063709;0.0;0.6247439521600358;0.14485806500712706;0.013901183347698857;0.6999999999999998;0.80288;0.70822;0.99286;1.62871559330557
280;3986;0.04816719495505946;0.26700097651110904;0.08805579558618556;0.0;0.25651458793280824;0.013500861495923102;0.6999999999999998;0.10395229261070413;0.013901183347698857;0.6999999999999998;0.80288;0.70822;0.99286;1.62871559330557
281;4001;0.04816719495505946;0.26700097651110904;0.030578246876260616;0.009828792256378744;0.012214709671063709;0.013500861495923102;0.6999999999999998;0.010403478940055975;0.013901183347698857;0.6999999999999998;0.80288;0.70822;0.99286;1.62871559330557
282;4014;0.0;0.5398771586720598;0.23937493735729587;0.009828792256378744;0.012214709671063709;0.013500861495923102;0.6999999999999998;0.0;0.0;0.6900201096834578;0.80288;0.70822;0.99286;1.831311521104709
283;4028;0.011348655632761863;0.26700097651110904;0.030578246876260616;0.0;0.012214709671063709;0.03921693854708304;0.6999999999999998;0.0;0.27552139419913374;0.6999999999999998;0.80288;0.70822;0.99286;1.831311521104709
284;4043;0.04816719495505946;0.26700097651110904;0.030578246876260616;0.009828792256378744;0.012214709671063709;0.013500861495923102;0.6999999999999998;0.010403478940055975;0.013901183347698857;0.6999999999999998;0.80288;0.70822;0.99286;1.831311521104709
285;4057;0.04816719495505946;0.3057680420533171;0.030578246876260616;0.009828792256378744;0.0192671794140405;0.03921693854708304;0.6999999999999998;0.0;0.0;0.6999999999999998;0.80288;0.70822;0.99286;1.831311521104709
286;4071;0.04816719495505946;0.26700097651110904;0.030578246876260616;0.009828792256378744;0.012214709671063709;0.0;0.6999999999999998;0.010403478940055975;0.0;0.6999999999999998;0.80288;0.70822;0.99286;1.831311521104709
287;4084;0.04816719495505946;0.26700097651110904;0.030578246876260616;0.009828792256378744;0.012214709671063709;0.02931822224438972;0.6999999999999998;0.010403478940055975;0.15324684019027682;0.6456964857435351;0.80288;0.70822;0.99286;1.831311521104709
288;4098;0.09982769992077226;0.26700097651110904;0.030578246876260616;0.0031599493228312986;0.21517281668024912;0.08765530214036923;0.6642572485498299;0.010403478940055975;0.013901183347698857;0.6999999999999998;0.80288;0.70822;0.99286;1.831311521104709
289;4112;0.04816719495505946;0.22063196230836443;0.018849570258884542;0.0;0.012214709671063709;0.03921693854708304;0.6999999999999998;0.010403478940055975;0.013901183347698857;0.6999999999999998;0.80288;0.70822;0.99286;1.834963988392616
290;4127;0.04816719495505946;0.26700097651110904;0.011995436253337051;0.009828792256378744;0.012214709671063709;0.0;0.6999999999999998;0.0;0.0;0.6999999999999998;0.80288;0.70822;0.99286;1.831311521104709
291;4142;0.04816719495505946;0.07020047530902562;0.0;0.013039484473859775;0.012214709671063709;0.0;0.6999999999999998;0.010403478940055975;0.013901183347698857;0.6999999999999998;0.80288;0.70822;0.99286;1.831311521104709
292;4156;0.04816719495505946;0.17712804207070884;0.030578246876260616;0.009082476583142466;0.012214709671063709;0.0;0.6999999999999998;0.010403478940055975;0.013901183347698857;0.6999999999999998;0.80288;0.70822;0.99286;1.831311521104709
293;4170;0.04816719495505946;0.26700097651110904;0.030578246876260616;0.009828792256378744;0.012214709671063709;0.03921693854708304;0.6999999999999998;0.010403478940055975;0.013901183347698857;0.6999999999999998;0.80288;0.70822;0.99286;1.831311521104709
294;4184;0.04816719495505946;0.26700097651110904;0.030578246876260616;0.0;0.012214709671063709;0.0;0.6999999999999998;0.010403478940055975;0.013901183347698857;0.6999999999999998;0.80288;0.70822;0.99286;1.831311521104709
295;4197;0.04816719495505946;0.26700097651110904;0.0;0.009828792256378744;0.0;0.03921693854708304;0.6999999999999998;0.19230198331619075;0.013901183347698857;0.6999999999999998;0.80288;0.70822;0.99286;1.831311521104709
296;4212;0.0;0.26700097651110904;0.0;0.009828792256378744;0.1270405453393072;0.03921693854708304;0.6999999999999998;0.010403478940055975;0.013901183347698857;0.6999999999999998;0.80288;0.70822;0.99286;1.831311521104709
297;4227;0.3452215921388622;0.49668246054437903;0.0;0.1863211722748148;0.012214709671063709;0.03921693854708304;0.6999999999999998;0.010403478940055975;0.013901183347698857;0.6999999999999998;0.80288;0.70822;0.99286;1.831311521104709
298;4240;0.04816719495505946;0.23405186996033486;0.030578246876260616;0.0;0.020613764181286347;0.03921693854708304;0.6999999999999998;0.010403478940055975;0.0;0.3757751577367955;0.80288;0.70822;0.99286;1.831311521104709
299;4254;0.04816719495505946;0.07572272714398004;0.0;0.009828792256378744;0.0;0.03921693854708304;0.6999999999999998;0.010403478940055975;0.013901183347698857;0.6999999999999998;0.80288;0.70822;0.99286;1.831311521104709
300;4268;0.04816719495505946;0.26700097651110904;0.030578246876260616;0.009828792256378744;0.012214709671063709;0.0;0.6999999999999998;0.14605410449795253;0.013901183347698857;0.6999999999999998;0.80288;0.70822;0.99286;1.831311521104709
301;4282;0.04816719495505946;0.26700097651110904;0.030578246876260616;0.009828792256378744;0.012214709671063709;0.0;0.36554371953726744;0.010403478940055975;0.013901183347698857;0.6999999999999998;0.80288;0.70822;0.99286;1.831311521104709
302;4297;0.04816719495505946;0.26700097651110904;0.030578246876260616;0.009828792256378744;0.0;0.03921693854708304;0.6999999999999998;0.010403478940055975;0.0;0.6999999999999998;0.80288;0.70822;0.99286;1.831311521104709
303;4312;0.04816719495505946;0.32238543561256955;0.030578246876260616;0.1510788636049994;0.0;0.09715110350932078;0.6999999999999998;0.010403478940055975;0.013901183347698857;0.6999999999999998;0.80288;0.70822;0.99286;1.831311521104709
304;4327;0.04816719495505946;0.28192501057146835;0.030578246876260616;0.0;0.012214709671063709;0.03921693854708304;0.6999999999999998;0.010403478940055975;0.0;0.6999999999999998;0.80288;0.70822;0.99286;1.831311521104709
305;4341;0.0;0.26700097651110904;0.030578246876260616;0.0;0.012214709671063709;0.03921693854708304;0.6999999999999998;0.010403478940055975;0.013901183347698857;0.6999999999999998;0.80288;0.70822;0.99286;1.831311521104709
306;4355;0.04816719495505946;0.4310417354748171;0.030578246876260616;0.08269568386273346;0.0;0.03921693854708304;0.6999999999999998;0.010403478940055975;0.013901183347698857;0.6999999999999998;0.80288;0.70822;0.99286;1.831311521104709
307;4369;0.04816719495505946;0.26700097651110904;0.030578246876260616;0.009828792256378744;0.012214709671063709;0.03921693854708304;0.6999999999999998;0.0;0.013901183347698857;0.6999999999999998;0.80288;0.70822;0.99286;1.831311521104709
308;4382;0.04816719495505946;0.26700097651110904;0.030578246876260616;0.009828792256378744;0.012214709671063709;0.03921693854708304;0.6999999999999998;0.010403478940055975;0.013901183347698857;0.6999999999999998;0.80288;0.70822;0.99286;1.831311521104709
309;4396;0.0;0.26700097651110904;0.030578246876260616;0.0;0.012214709671063709;0.03921693854708304;0.6633943644657068;0.0;0.013901183347698857;0.5606685340280679;0.80288;0.70822;0.99286;1.831311521104709
310;4408;0.04816719495505946;0.26700097651110904;0.030578246876260616;0.009828792256378744;0.012214709671063709;0.03921693854708304;0.6999999999999998;0.0;0.013901183347698857;0.6999999999999998;0.80288;0.70822;0.99286;1.831311521104709
311;4423;0.04816719495505946;0.26700097651110904;0.030578246876260616;0.009828792256378744;0.0;0.03921693854708304;0.6999999999999998;0.0;0.0;0.6927544761671919;0.80288;0.70822;0.99286;1.8609824649757738
312;4437;0.04816719495505946;0.26700097651110904;0.020027936726155222;0.009828792256378744;2.1644397556145473E-4;0.03921693854708304;0.6999999999999998;0.010403478940055975;0.0;0.6999999999999998;0.80288;0.70822;0.99286;1.8609824649757738
313;4452;0.04816719495505946;0.26700097651110904;0.030578246876260616;0.009828792256378744;0.07340213825289266;0.0;0.6999999999999998;0.010403478940055975;0.013901183347698857;0.6999999999999998;0.80288;0.70822;0.99286;1.8609824649757738
314;4467;0.007346756642589505;0.2966719203821737;0.030578246876260616;0.009828792256378744;0.012214709671063709;0.0;0.6999999999999998;0.010403478940055975;0.013901183347698857;0.6999999999999998;0.80288;0.70822;0.99286;1.8609824649757738
315;4480;0.04816719495505946;0.26700097651110904;0.030578246876260616;0.009828792256378744;0.012214709671063709;0.0;0.6999999999999998;0.010403478940055975;0.013901183347698857;0.6999999999999998;0.80288;0.70822;0.99286;1.8609824649757738
316;4494;0.0;0.2966719203821737;0.0;0.0;0.1109427393711439;0.03921693854708304;0.6999999999999998;0.010403478940055975;0.013901183347698857;0.6999999999999998;0.80288;0.70822;0.99286;1.8609824649757738
317;4509;0.0;0.5184552812752649;0.030578246876260616;0.009828792256378744;0.012214709671063709;0.03921693854708304;0.6999999999999998;0.010403478940055975;0.013901183347698857;0.6999999999999998;0.80288;0.70822;0.99286;1.8609824649757738
318;4523;0.04816719495505946;0.2966719203821737;0.030578246876260616;0.0;0.012214709671063709;0.03921693854708304;0.6999999999999998;0.0;0.04717352055276598;0.6999999999999998;0.80288;0.70822;0.99286;1.8609824649757738
319;4537;0.0;0.2966719203821737;0.05066155983391932;0.0;0.012214709671063709;0.03921693854708304;0.6999999999999998;0.010403478940055975;0.013901183347698857;0.6999999999999998;0.80288;0.70822;0.99286;1.8609824649757738
320;4551;0.04816719495505946;0.2966719203821737;0.030578246876260616;0.009828792256378744;0.012214709671063709;0.03921693854708304;0.64215780560389;0.0;0.013901183347698857;0.6999999999999998;0.80288;0.70822;0.99286;1.8609824649757738
321;4565;0.4177009319793188;0.2966719203821737;0.0;0.14784975561312866;0.012214709671063709;0.0;0.6999999999999998;0.010403478940055975;0.013901183347698857;0.6999999999999998;0.80288;0.70822;0.99286;1.8609824649757738
322;4580;0.04816719495505946;0.2966719203821737;0.030578246876260616;0.0;0.012214709671063709;0.03921693854708304;0.6999999999999998;0.010403478940055975;0.013901183347698857;0.6999999999999998;0.80288;0.70822;0.99286;1.8609824649757738
323;4594;0.04816719495505946;0.2966719203821737;0.030578246876260616;0.10177924896773191;0.0054237297719577785;0.0;0.6999999999999998;0.010403478940055975;0.08053049213585918;0.6999999999999998;0.80288;0.70822;0.99286;1.8609824649757738
324;4609;0.04816719495505946;0.2966719203821737;0.030578246876260616;0.009828792256378744;0.012214709671063709;0.03921693854708304;0.6999999999999998;0.010403478940055975;0.013901183347698857;0.6999999999999998;0.80288;0.70822;0.99286;1.8609824649757738
325;4623;0.04816719495505946;0.2966719203821737;0.030578246876260616;0.009828792256378744;0.012214709671063709;0.03921693854708304;0.6999999999999998;0.010403478940055975;0.013901183347698857;0.6999999999999998;0.80288;0.70822;0.99286;1.8609824649757738
326;4637;0.04816719495505946;0.14821214676759192;0.12871788590287023;0.0;0.020708766603184364;0.03921693854708304;0.6245662858453132;0.010403478940055975;0.013901183347698857;0.31090832271036234;0.80288;0.70822;0.99286;1.8609824649757738
327;4652;0.04816719495505946;0.2966719203821737;0.0;0.009828792256378744;0.09836827009043586;0.0;0.6999999999999998;0.010403478940055975;0.013901183347698857;0.6999999999999998;0.80288;0.70822;0.99286;1.8609824649757738
328;4667;0.04816719495505946;0.2966719203821737;0.030578246876260616;0.009828792256378744;0.0;0.03921693854708304;0.6999999999999998;0.0;0.013901183347698857;0.6999999999999998;0.80288;0.70822;0.99286;1.8609824649757738
329;4681;0.05355568144359568;0.2966719203821737;0.030578246876260616;0.009828792256378744;0.014917671398502134;0.03921693854708304;0.6999999999999998;0.010403478940055975;0.013901183347698857;0.6999999999999998;0.80288;0.70822;0.99286;1.8609824649757738
330;4695;0.04816719495505946;0.2966719203821737;0.030578246876260616;0.009828792256378744;0.012214709671063709;0.0;0.6999999999999998;0.010403478940055975;0.013901183347698857;0.6999999999999998;0.80288;0.70822;0.99286;1.8609824649757738
331;4710;0.04816719495505946;0.2966719203821737;0.07975551677817098;0.0;0.03974072167385091;0.0;0.6999999999999998;0.010403478940055975;0.013901183347698857;0.6999999999999998;0.80288;0.70822;0.99286;1.8609824649757738
332;4725;0.04816719495505946;0.2966719203821737;0.22812770880468317;0.009828792256378744;0.012214709671063709;0.03921693854708304;0.6999999999999998;0.010403478940055975;0.013901183347698857;0.6999999999999998;0.80288;0.70822;0.99286;1.8609824649757738
333;4740;0.0;0.2966719203821737;0.030578246876260616;0.009828792256378744;0.012214709671063709;0.03921693854708304;0.6999999999999998;0.010403478940055975;0.013901183347698857;0.6999999999999998;0.80288;0.70822;0.99286;1.8609824649757738
334;4753;0.04816719495505946;0.2966719203821737;0.030578246876260616;0.009828792256378744;0.012214709671063709;0.03921693854708304;0.6999999999999998;0.010403478940055975;0.013901183347698857;0.6999999999999998;0.80288;0.70822;0.99286;1.8609824649757738
335;4768;0.04816719495505946;0.2966719203821737;0.030578246876260616;0.009828792256378744;0.012214709671063709;0.03921693854708304;0.6999999999999998;0.010403478940055975;0.013901183347698857;0.6999999999999998;0.80288;0.70822;0.99286;1.8609824649757738
336;4782;0.04816719495505946;0.2966719203821737;0.030578246876260616;0.009828792256378744;0.11599063659830523;0.03921693854708304;0.6999999999999998;0.0;0.013901183347698857;0.6999999999999998;0.80288;0.70822;0.99286;1.8609824649757738
337;4796;0.0;0.4035848877555006;0.030578246876260616;0.009828792256378744;0.012214709671063709;0.0;0.6999999999999998;0.0;0.013901183347698857;0.6999999999999998;0.80288;0.70822;0.99286;1.8609824649757738
338;4810;0.04816719495505946;0.2966719203821737;0.10227466293245185;0.009828792256378744;0.012214709671063709;0.0;0.6999999999999998;0.010403478940055975;0.01249465928500658;0.47338369248299084;0.80288;0.70822;0.99286;1.8609824649757738
339;4824;0.04816719495505946;0.3989686450301414;0.030578246876260616;0.009828792256378744;0.17629679810084592;0.28010128731865575;0.472435267484546;0.010403478940055975;0.0;0.6260023849035115;0.80288;0.70822;0.99286;1.8609824649757738
340;4837;0.04816719495505946;0.3239693099202116;0.0;0.009828792256378744;0.012214709671063709;0.03921693854708304;0.6999999999999998;0.010403478940055975;0.013901183347698857;0.6999999999999998;0.80288;0.70822;0.99286;1.8609824649757738
341;4852;0.04816719495505946;0.15145146191450187;0.005153933484927643;0.009828792256378744;0.0;0.03921693854708304;0.6999999999999998;0.010403478940055975;0.013901183347698857;0.6999999999999998;0.80288;0.70822;0.99286;1.8609824649757738
342;4867;0.04816719495505946;0.2966719203821737;0.3499393139959491;0.03901970287660597;0.06851632345683659;0.19224333806753685;0.6999999999999998;0.010403478940055975;0.13804071734708961;0.6999999999999998;0.80288;0.70822;0.99286;1.8609824649757738
343;4881;0.04816719495505946;0.2966719203821737;0.030578246876260616;0.009828792256378744;0.012214709671063709;0.03921693854708304;0.6999999999999998;0.0;0.013901183347698857;0.6999999999999998;0.80288;0.70822;0.99286;1.8609824649757738
344;4896;0.04816719495505946;0.274372055056456;0.26534199561547106;0.0;0.0;0.03921693854708304;0.6999999999999998;0.010403478940055975;0.013901183347698857;0.6999999999999998;0.80288;0.70822;0.99286;1.8609824649757738
345;4911;0.04816719495505946;0.520410218143248;0.030578246876260616;0.0;0.0;0.03921693854708304;0.6999999999999998;0.010403478940055975;0.013901183347698857;0.6999999999999998;0.80288;0.70822;0.99286;1.8609824649757738
346;4926;0.04816719495505946;0.2966719203821737;0.030578246876260616;0.009828792256378744;0.012214709671063709;0.0;0.6999999999999998;0.038689714630265964;0.14489176425595013;0.6676625740879703;0.80288;0.70822;0.99286;1.8609824649757738
347;4941;0.04816719495505946;0.2966719203821737;0.030578246876260616;0.009828792256378744;0.012214709671063709;0.03921693854708304;0.6999999999999998;0.0;0.0;0.6999999999999998;0.80288;0.70822;0.99286;1.8609824649757738
348;4953;0.04816719495505946;0.2966719203821737;0.030578246876260616;0.009828792256378744;0.012214709671063709;0.03921693854708304;0.6999999999999998;0.010403478940055975;0.0;0.6797854636576997;0.80288;0.70822;0.99286;1.8609824649757738
349;4967;0.0;0.2976443328579278;0.0;0.009828792256378744;0.012214709671063709;0.03921693854708304;0.6999999999999998;0.010403478940055975;0.013901183347698857;0.6999999999999998;0.80288;0.70822;0.99286;1.8609824649757738
350;4981;0.04816719495505946;0.4821529381098856;0.0;0.009828792256378744;0.0;0.0;0.6999999999999998;0.010403478940055975;0.013901183347698857;0.6999999999999998;0.80288;0.70822;0.99286;1.8609824649757738
351;4996;0.04816719495505946;0.2966719203821737;0.030578246876260616;0.009828792256378744;0.012214709671063709;0.03921693854708304;0.6999999999999998;0.010403478940055975;0.2564527823355962;0.6999999999999998;0.80288;0.70822;0.99286;1.8609824649757738
352;5010;0.04816719495505946;0.35155488640288796;0.030578246876260616;0.009828792256378744;0.012214709671063709;0.0;0.6999999999999998;0.0;0.013901183347698857;0.6999999999999998;0.80288;0.70822;0.99286;1.8609824649757738
